R,a,delta,F,R_a,delta_a,F_Eah
3,25,2.484803585,0.298965867,0.12,0.009939214,3.75762E-05
3,25,2.96768579,1.552737926,0.12,0.011870743,0.00019516
3,25,3.500939136,-0.613087434,0.12,0.014003757,-7.70573E-05
3,25,3.9961107,-0.337370736,0.12,0.015984443,-4.24032E-05
3,25,4.492136948,-0.306540792,0.12,0.017968548,-3.85283E-05
3,25,4.987871699,0.66066425,0.12,0.019951487,8.30371E-05
3,25,5.458174403,2.041014562,0.12,0.021832698,0.00025653
3,25,5.985047235,0.448128706,0.12,0.023940189,5.63241E-05
3,25,6.437985888,3.46859083,0.12,0.025751944,0.000435958
3,25,6.971629454,1.0353421,0.12,0.027886518,0.000130129
3,25,7.472249774,1.101681908,0.12,0.029888999,0.000138467
3,25,7.976305946,0.681869701,0.12,0.031905224,8.57024E-05
3,25,8.47683659,0.421717045,0.12,0.033907346,5.30045E-05
3,25,8.954305851,2.367258475,0.12,0.035817223,0.000297534
3,25,9.456247426,1.945386759,0.12,0.03782499,0.000244511
3,25,9.929556733,4.222059632,0.12,0.039718227,0.000530659
3,25,10.44051753,3.28958811,0.12,0.04176207,0.00041346
3,25,10.94740998,2.452638775,0.12,0.04378964,0.000308266
3,25,11.45560415,2.194150311,0.12,0.045822417,0.000275777
3,25,11.96035688,1.475361643,0.12,0.047841428,0.000185434
3,25,12.44252721,3.226022227,0.12,0.049770109,0.00040547
3,25,12.93602858,3.154239614,0.12,0.051744114,0.000396448
3,25,13.40888928,5.513094267,0.12,0.053635557,0.000692926
3,25,13.91422931,5.168208905,0.12,0.055656917,0.000649578
3,25,14.43128935,4.498119284,0.12,0.057725157,0.000565357
3,25,14.92889749,3.954331954,0.12,0.05971559,0.00049701
3,25,15.43778829,3.072656521,0.12,0.061751153,0.000386194
3,25,15.9227898,4.333037723,0.12,0.063691159,0.000544608
3,25,16.40149429,6.16505158,0.12,0.065605977,0.000774869
3,25,16.88788408,7.525693337,0.12,0.067551536,0.000945884
3,25,17.39622074,7.159187287,0.12,0.069584883,0.000899819
3,25,17.90430666,6.104449481,0.12,0.071617227,0.000767252
3,25,18.40631209,5.750907754,0.12,0.073625248,0.000722816
3,25,18.91186215,5.257643634,0.12,0.075647449,0.000660819
3,25,19.38544685,8.261837447,0.12,0.077541787,0.001038408
3,25,19.86993386,9.94558174,0.12,0.079479735,0.001250034
3,25,20.37207149,9.566189298,0.12,0.081488286,0.001202349
3,25,20.88068734,8.672039529,0.12,0.083522749,0.001089966
3,25,21.38566165,8.053798779,0.12,0.085542647,0.001012261
3,25,21.88692501,7.70298108,0.12,0.0875477,0.000968167
3,25,22.35568574,11.66164885,0.12,0.089422743,0.001465722
3,25,22.8466901,13.21245314,0.12,0.09138676,0.001660638
3,25,23.35719523,11.82138123,0.12,0.093428781,0.001485798
3,25,23.85833409,11.30825219,0.12,0.095433336,0.001421304
3,25,24.3658328,10.54385675,0.12,0.097463331,0.001325229
3,25,24.84972044,12.34672131,0.12,0.099398882,0.001551827
3,25,25.32589478,16.26730101,0.12,0.101303579,0.002044594
3,25,25.83246398,15.78546695,0.12,0.103329856,0.001984034
3,25,26.33697423,14.36281412,0.12,0.105347897,0.001805224
3,25,26.84336898,13.76692768,0.12,0.107373476,0.001730329
3,25,27.33466556,14.98246132,0.12,0.109338662,0.001883106
3,25,27.80864418,19.99897777,0.12,0.111234577,0.002513619
3,25,28.31172926,18.98389456,0.12,0.113246917,0.002386035
3,25,28.82008064,17.70844363,0.12,0.115280323,0.002225727
3,25,29.31809005,17.43252101,0.12,0.11727236,0.002191047
3,25,29.80992319,19.52171178,0.12,0.119239693,0.002453632
3,25,30.29151368,23.87317285,0.12,0.121166055,0.003000556
3,25,30.79738621,22.55909096,0.12,0.123189545,0.002835392
3,25,31.30247964,21.07658629,0.12,0.125209919,0.00264906
3,25,31.79878538,21.51182354,0.12,0.127195142,0.002703764
3,25,32.28125791,26.58493149,0.12,0.129125032,0.00334139
3,25,32.77791592,27.2789311,0.12,0.131111664,0.003428617
3,25,33.28249238,25.53404539,0.12,0.13312997,0.003209307
3,25,33.78208469,25.34991939,0.12,0.135128339,0.003186164
3,25,34.27316229,28.35998523,0.12,0.137092649,0.003564491
3,25,34.75803354,32.8833642,0.12,0.139032134,0.004133023
3,25,35.2682263,29.5732268,0.12,0.141072905,0.003716981
3,25,35.76776175,29.90060372,0.12,0.143071047,0.003758128
3,25,36.2622253,32.39442521,0.12,0.145048901,0.00407157
3,25,36.74779908,37.58506229,0.12,0.146991196,0.004723967
3,25,37.25413824,34.34989347,0.12,0.149016553,0.004317347
3,25,37.75407294,34.43356119,0.12,0.151016292,0.004327863
3,25,38.24989924,37.15543695,0.12,0.152999597,0.004669969
3,25,38.73144925,42.69117299,0.12,0.154925797,0.005365741
3,25,39.2392599,38.85531576,0.12,0.15695704,0.004883622
3,25,39.73673526,39.61844895,0.12,0.158946941,0.004979538
3,25,40.2268087,43.6590141,0.12,0.160907235,0.005487386
3,25,40.7199262,46.80867995,0.12,0.162879705,0.005883259
3,25,41.22658525,43.90491338,0.12,0.164906341,0.005518292
3,25,41.72242193,45.46247093,0.12,0.166889688,0.005714058
3,25,42.21170916,51.1233456,0.12,0.168846837,0.006425558
3,25,42.71092485,50.87735889,0.12,0.170843699,0.006394641
3,25,43.21244936,49.0509003,0.12,0.172849797,0.006165078
3,25,43.7069111,53.10755965,0.12,0.174827644,0.006674949
3,25,44.19574433,58.85554927,0.12,0.176782977,0.007397398
3,25,44.70500921,53.65187494,0.12,0.178820037,0.006743362
3,25,45.19988848,57.18220893,0.12,0.180799554,0.00718708
3,25,45.6918433,61.83795381,0.12,0.182767373,0.007772249
3,25,46.18645819,61.81639205,0.12,0.184745833,0.007769539
3,25,46.68865888,60.75446864,0.12,0.186754636,0.007636068
3,25,47.18181625,66.02996936,0.12,0.188727265,0.008299132
3,25,47.67578534,69.93659335,0.12,0.190703141,0.008790145
3,25,48.18343839,64.9170644,0.12,0.192733754,0.008159254
3,25,48.6721775,71.47407209,0.12,0.19468871,0.008983387
3,25,49.16718564,74.87714134,0.12,0.196668743,0.00941111
3,25,49.67141328,71.38617102,0.12,0.198685653,0.008972339
3,25,50.16582699,76.52267743,0.12,0.200663308,0.009617933
3,25,50.65763878,80.88591278,0.12,0.202630555,0.010166336
3,25,51.16060221,78.30322591,0.12,0.204642409,0.009841725
3,25,51.65778859,81.88269908,0.12,0.206631154,0.01029162
3,25,52.14838991,86.80443797,0.12,0.20859356,0.01091022
3,25,52.65147782,84.96121537,0.12,0.210605911,0.01067855
3,25,53.1478532,88.30090334,0.12,0.212591413,0.011098307
3,25,53.64390599,92.74717799,0.12,0.214575624,0.011657147
3,25,54.14450749,91.52929517,0.12,0.21657803,0.011504075
3,25,54.63944269,94.99833346,0.12,0.218557771,0.011940089
3,25,55.13287465,99.49738289,0.12,0.220531499,0.012505563
3,25,55.6353145,97.85876183,0.12,0.222541258,0.012299609
3,25,56.12956385,102.7706032,0.12,0.224518255,0.012916965
3,25,56.62468891,106.0731255,0.12,0.226498756,0.01333205
3,25,57.12774343,104.1199727,0.12,0.228510974,0.013086564
3,25,57.61957431,111.4843645,0.12,0.230478297,0.014012175
3,25,58.11726134,111.8050833,0.12,0.232469045,0.014052485
3,25,58.61898833,111.6020475,0.12,0.234475953,0.014026966
3,25,59.11154265,120.3674418,0.12,0.236446171,0.015128665
3,25,59.6107415,117.5705588,0.12,0.238442966,0.014777132
3,25,60.11122573,120.1026357,0.12,0.240444903,0.015095382
3,25,60.60344749,128.1495903,0.12,0.24241379,0.016106783
3,25,61.10650314,123.6927704,0.12,0.244426013,0.015546617
3,25,61.60191904,129.9083372,0.12,0.246407676,0.016327835
3,25,62.09624211,133.6947512,0.12,0.248384968,0.016803739
3,25,62.59820909,132.4318372,0.12,0.250392836,0.016645007
3,25,63.09317993,140.0794603,0.12,0.25237272,0.017606217
3,25,63.59190755,138.5848588,0.12,0.25436763,0.017418364
3,25,64.08927496,142.3122635,0.12,0.2563571,0.017886852
3,25,64.58266693,149.049028,0.12,0.258330668,0.018733578
3,25,65.08602788,145.2521078,0.12,0.260344112,0.018256353
3,25,65.57981546,153.3513556,0.12,0.262319262,0.019274326
3,25,66.07866088,154.1493838,0.12,0.264314644,0.019374628
3,25,66.5796204,155.719552,0.12,0.266318482,0.019571978
3,25,67.07219079,162.6969039,0.12,0.268288763,0.020448943
3,25,67.57538434,159.3512815,0.12,0.270301537,0.020028441
3,25,68.06834076,168.6050443,0.12,0.272273363,0.021191522
3,25,68.56852409,168.4146486,0.12,0.274274096,0.021167591
3,25,69.06749698,171.2363965,0.12,0.276269988,0.021522249
3,25,69.56142884,177.0290018,0.12,0.278245715,0.022250307
3,25,70.06412548,174.3757451,0.12,0.280256502,0.021916826
3,25,70.55538509,184.0909067,0.12,0.28222154,0.023137899
3,25,71.05706071,182.5198483,0.12,0.284228243,0.022940437
3,25,71.55284283,188.0787593,0.12,0.286211371,0.023639121
3,25,72.0501354,190.5806313,0.12,0.288200542,0.023953575
3,25,72.55019823,190.938044,0.12,0.290200793,0.023998497
3,25,73.04220493,199.4670553,0.12,0.29216882,0.025070486
3,25,73.54681031,197.0382617,0.12,0.294187241,0.024765217
3,25,74.03719166,206.1500229,0.12,0.296148767,0.025910451
3,25,74.54094893,204.1903194,0.12,0.298163796,0.025664141
3,25,75.03575204,209.3408779,0.12,0.300143008,0.026311501
3,25,75.53115408,213.3380055,0.12,0.302124616,0.026813889
3,25,76.03176179,214.4155443,0.12,0.304127047,0.026949322
3,25,76.52389493,222.3647887,0.12,0.30609558,0.027948442
3,25,77.02740124,219.8199413,0.12,0.308109605,0.027628586
3,25,77.5172604,228.8607039,0.12,0.310069042,0.028764896
3,25,78.02166958,227.0071407,0.12,0.312086678,0.028531927
3,25,78.51192091,234.7488036,0.12,0.314047684,0.029504956
3,25,79.01314354,234.9980676,0.12,0.316052574,0.029536285
3,25,79.50806145,240.5273533,0.12,0.318032246,0.030231246
3,25,80.00460598,244.5060625,0.12,0.320018424,0.03073132
3,25,80.5027372,246.006769,0.12,0.322010949,0.03091994
3,25,80.99696279,252.7351879,0.12,0.323987851,0.031765617
3,25,81.49768694,252.4036018,0.12,0.325990748,0.031723941
3,25,81.98918289,260.7172422,0.12,0.327956732,0.03276886
3,25,82.49133751,259.1428775,0.12,0.32996535,0.032570982
3,25,82.98014139,269.3468809,0.12,0.331920566,0.033853496
3,25,83.48481499,266.5015563,0.12,0.33393926,0.033495875
3,25,83.97400463,276.7335175,0.12,0.335896019,0.034781903
3,25,84.4770256,275.0209768,0.12,0.337908102,0.034566659
3,25,84.96872605,284.6841263,0.12,0.339874904,0.035781194
3,25,85.4696556,283.1783038,0.12,0.341878622,0.035591931
3,25,85.96122893,292.1201314,0.12,0.343844916,0.036715806
3,25,86.46435316,291.1306069,0.12,0.345857413,0.036591435
3,25,86.95521165,299.9785409,0.12,0.347820847,0.037703509
3,25,87.45567956,300.5179019,0.12,0.349822718,0.0377713
3,25,87.94942327,307.9204621,0.12,0.351797693,0.038701708
3,25,88.44931708,309.1834237,0.12,0.353797268,0.038860446
3,25,88.94271637,316.5781727,0.12,0.355770866,0.039789872
3,25,89.44303615,317.7203101,0.12,0.357772145,0.039933425
3,25,89.93706918,325.3400054,0.12,0.359748277,0.040891124
3,25,90.43681114,326.5687969,0.12,0.361747245,0.041045568
3,25,90.93147915,334.3333344,0.12,0.363725917,0.042021472
3,25,91.43115294,335.5370582,0.12,0.365724612,0.042172765
3,25,91.92435319,344.0990648,0.12,0.367697413,0.043248901
3,25,92.42522114,344.0233076,0.12,0.369700885,0.043239379
3,25,92.91834571,353.7562441,0.12,0.371673383,0.044462686
3,25,93.41951131,352.4398712,0.12,0.373678045,0.044297234
3,25,93.91211923,363.4792775,0.12,0.375648477,0.045684748
3,25,94.41496963,361.6476308,0.12,0.377659879,0.045454533
3,25,94.90582078,373.3576906,0.12,0.379623283,0.04692634
3,25,95.4083592,371.0627356,0.12,0.381633437,0.046637893
3,25,95.90118945,382.9605967,0.12,0.383604758,0.048133304
3,25,96.40356358,381.3843662,0.12,0.385614254,0.047935191
3,25,96.89493486,391.9105201,0.12,0.387579739,0.049258196
3,25,97.397848,392.063774,0.12,0.389591392,0.049277458
3,25,97.890681,400.9255965,0.12,0.391562724,0.050391277
3,25,98.39083653,403.5436501,0.12,0.393563346,0.050720333
3,25,98.88694324,409.4880867,0.12,0.395547773,0.051467474
3,25,99.38490735,415.3277905,0.12,0.397539629,0.05220145
3,25,99.88302834,418.1965954,0.12,0.399532113,0.052562023
3,25,100.3793388,426.9064087,0.12,0.401517355,0.053656736
3,25,100.8793786,427.632947,0.12,0.403517515,0.053748053
3,25,101.3726556,437.9254258,0.12,0.405490623,0.055041687
3,25,101.8742469,438.2455084,0.12,0.407496988,0.055081918
3,25,102.3689756,447.7690075,0.12,0.409475903,0.056278901
3,25,102.8692424,450.3535603,0.12,0.41147697,0.056603747
3,25,103.3638155,456.9625302,0.12,0.413455262,0.057434411
3,25,103.8634993,462.7729698,0.12,0.415453997,0.058164709
3,25,104.3608434,465.8800339,0.12,0.417443374,0.058555228
3,25,104.8564489,475.6987811,0.12,0.419425796,0.05978932
3,25,105.3572936,476.5198441,0.12,0.421429175,0.059892518
3,25,105.851117,486.5931528,0.12,0.423404468,0.061158605
3,25,106.3530881,488.9921991,0.12,0.425412353,0.061460135
3,25,106.8482461,495.9615485,0.12,0.427392985,0.062336094
3,25,107.3468324,502.3593742,0.12,0.42938733,0.06314022
3,30,2.49090718,0.054473501,0.1,0.008303024,5.70553E-06
3,30,2.985403463,0.462007806,0.1,0.009951345,4.83904E-05
3,30,3.47747184,1.002469534,0.1,0.011591573,0.000104998
3,30,3.964875438,1.536064813,0.1,0.013216251,0.000160887
3,30,4.460653601,2.008622979,0.1,0.014868845,0.000210382
3,30,4.984354098,0.263950409,0.1,0.016614514,2.7646E-05
3,30,5.491698135,-0.12671455,0.1,0.01830566,-1.3272E-05
3,30,5.996342331,-0.235243498,0.1,0.019987808,-2.46393E-05
3,30,6.495511236,0.10956534,0.1,0.021651704,1.14758E-05
3,30,6.979614288,0.715486465,0.1,0.023265381,7.49397E-05
3,30,7.480001558,0.565840572,0.1,0.024933339,5.92658E-05
3,30,7.966964061,1.374797764,0.1,0.026556547,0.000143996
3,30,8.456493661,2.136609088,0.1,0.028188312,0.000223787
3,30,8.93836423,3.160083992,0.1,0.029794547,0.000330985
3,30,9.439998794,3.479735136,0.1,0.031466663,0.000364466
3,30,9.960800805,2.20378572,0.1,0.033202669,0.000230823
3,30,10.47304904,1.089177958,0.1,0.034910163,0.00011408
3,30,10.97492003,0.965409135,0.1,0.036583067,0.000101116
3,30,11.47092474,1.116319459,0.1,0.038236416,0.000116923
3,30,11.96638678,1.555301287,0.1,0.039887956,0.000162901
3,30,12.45269178,2.225692307,0.1,0.041508973,0.000233118
3,30,12.94157718,2.949665209,0.1,0.043138591,0.000308946
3,30,13.42823944,4.036722474,0.1,0.044760798,0.000422804
3,30,13.91238461,5.691872732,0.1,0.046374615,0.000596164
3,30,14.42023176,4.899836934,0.1,0.048067439,0.000513206
3,30,14.94220583,2.877562409,0.1,0.049807353,0.000301394
3,30,15.44905915,2.718112464,0.1,0.051496864,0.000284694
3,30,15.94669963,2.662316473,0.1,0.053155665,0.00027885
3,30,16.44008451,3.075117348,0.1,0.054800282,0.000322086
3,30,16.9310746,3.704838909,0.1,0.056436915,0.000388043
3,30,17.42371755,4.57908076,0.1,0.058079059,0.00047961
3,30,17.89351838,7.195067741,0.1,0.059645061,0.000753608
3,30,18.38546024,8.118407228,0.1,0.061284867,0.000850318
3,30,18.90058275,6.270039051,0.1,0.063001943,0.000656721
3,30,19.42496051,4.9095417,0.1,0.064749868,0.000514223
3,30,19.92410881,4.551912236,0.1,0.066413696,0.000476765
3,30,20.41236443,5.016475712,0.1,0.068041215,0.000525423
3,30,20.90867508,5.200842702,0.1,0.069695584,0.000544733
3,30,21.3935185,7.043108765,0.1,0.071311728,0.000737691
3,30,21.870119,9.698148888,0.1,0.072900397,0.001015779
3,30,22.36654254,10.26238315,0.1,0.074555142,0.001074876
3,30,22.87551438,9.437495018,0.1,0.076251715,0.000988478
3,30,23.3859915,7.745943449,0.1,0.077953305,0.000811306
3,30,23.89282464,7.190031471,0.1,0.079642749,0.00075308
3,30,24.39025399,7.163682392,0.1,0.081300847,0.00075032
3,30,24.87771986,8.584806398,0.1,0.082925733,0.000899168
3,30,25.3562726,11.41425875,0.1,0.084520909,0.001195523
3,30,25.84451275,13.74899047,0.1,0.086148376,0.001440062
3,30,26.34772558,13.0970441,0.1,0.087825752,0.001371777
3,30,26.86366018,11.06963504,0.1,0.089545534,0.001159428
3,30,27.36318655,10.4096408,0.1,0.091210622,0.0010903
3,30,27.86743649,9.980430148,0.1,0.092891455,0.001045345
3,30,28.35330521,11.73716347,0.1,0.094511017,0.001229344
3,30,28.83380631,15.31811068,0.1,0.096112688,0.001604411
3,30,29.32509726,17.23560152,0.1,0.097750324,0.001805248
3,30,29.8266441,16.85114266,0.1,0.099422147,0.00176498
3,30,30.33911123,13.91611718,0.1,0.101130371,0.001457567
3,30,30.8378592,14.05887739,0.1,0.102792864,0.001472519
3,30,31.33862295,14.21206387,0.1,0.104462077,0.001488564
3,30,31.82312289,16.84526594,0.1,0.106077076,0.001764364
3,30,32.30283698,20.9064509,0.1,0.107676123,0.00218973
3,30,32.80199794,21.44131065,0.1,0.109339993,0.002245751
3,30,33.31607473,18.55016467,0.1,0.111053582,0.001942934
3,30,33.8189128,17.5697736,0.1,0.112729709,0.001840249
3,30,34.31412491,18.36935484,0.1,0.114380416,0.001923996
3,30,34.80197823,20.98497071,0.1,0.116006594,0.002197955
3,30,35.2854051,25.10174048,0.1,0.117618017,0.002629143
3,30,35.78131755,25.99913308,0.1,0.119271059,0.002723135
3,30,36.29553621,22.24496157,0.1,0.120985121,0.002329925
3,30,36.79600913,22.31205417,0.1,0.122653364,0.002336953
3,30,37.29207686,23.23795321,0.1,0.124306923,0.002433931
3,30,37.78033125,26.77102591,0.1,0.125934438,0.002803983
3,30,38.26364223,31.30113453,0.1,0.127545474,0.003278464
3,30,38.77053429,29.06144837,0.1,0.129235114,0.00304388
3,30,39.27866229,26.44552464,0.1,0.130928874,0.00276989
3,30,39.77678341,27.47698958,0.1,0.132589278,0.002877925
3,30,40.26884676,30.37217108,0.1,0.134229489,0.003181165
3,30,40.75291729,35.0351784,0.1,0.135843058,0.003669566
3,30,41.25178796,35.37458825,0.1,0.13750596,0.003705115
3,30,41.76139073,31.3566359,0.1,0.139204636,0.003284277
3,30,42.25774394,32.26477872,0.1,0.140859146,0.003379396
3,30,42.74992238,34.9093843,0.1,0.142499741,0.00365639
3,30,43.23701134,39.7700357,0.1,0.144123371,0.004165492
3,30,43.73346891,41.32130949,0.1,0.14577823,0.004327972
3,30,44.24279191,37.12756893,0.1,0.147475973,0.003888722
3,30,44.7433802,37.25068093,0.1,0.149144601,0.003901616
3,30,45.23244014,40.95048651,0.1,0.1507748,0.004289132
3,30,45.72233095,46.50759645,0.1,0.15240777,0.004871181
3,30,46.22209021,46.02065035,0.1,0.154073634,0.004820178
3,30,46.73003173,42.27785435,0.1,0.155766772,0.00442816
3,30,47.22789964,43.61558068,0.1,0.157426332,0.004568272
3,30,47.71593213,48.82029313,0.1,0.159053107,0.005113411
3,30,48.20635521,53.15419081,0.1,0.160687851,0.005567341
3,30,48.71338816,50.14230294,0.1,0.162377961,0.005251878
3,30,49.21647146,47.77954672,0.1,0.164054905,0.005004404
3,30,49.70706793,52.49910003,0.1,0.165690226,0.005498727
3,30,50.19660719,57.32086222,0.1,0.167322024,0.006003756
3,30,50.69345608,59.19186054,0.1,0.168978187,0.006199724
3,30,51.20355493,53.80768937,0.1,0.170678516,0.005635788
3,30,51.70031848,56.18769678,0.1,0.172334395,0.005885069
3,30,52.18699848,62.58527739,0.1,0.173956662,0.006555148
3,30,52.68168035,65.3806412,0.1,0.175605601,0.006847933
3,30,53.19029048,61.95180197,0.1,0.177300968,0.006488798
3,30,53.68919441,60.90088052,0.1,0.178963981,0.006378725
3,30,54.17987271,67.99314803,0.1,0.180599576,0.007121566
3,30,54.6736727,72.1512695,0.1,0.182245576,0.007557085
3,30,55.17855021,69.32642612,0.1,0.183928501,0.007261212
3,30,55.6787002,67.12647194,0.1,0.185595667,0.00703079
3,30,56.16928506,73.97335767,0.1,0.18723095,0.00774793
3,30,56.6607665,78.58803389,0.1,0.188869222,0.008231268
3,30,57.16518164,76.70049315,0.1,0.190550605,0.008033568
3,30,57.66937605,73.54759079,0.1,0.192231254,0.007703335
3,30,58.15706599,81.55092256,0.1,0.193856887,0.0085416
3,30,58.65161676,86.17513817,0.1,0.195505389,0.009025937
3,30,59.15478782,82.99039216,0.1,0.197182626,0.008692369
3,30,59.65475251,81.12496896,0.1,0.198849175,0.008496985
3,30,60.14502021,89.77648942,0.1,0.200483401,0.009403141
3,30,60.64170319,93.20936593,0.1,0.202139011,0.009762699
3,30,61.14555268,89.42805862,0.1,0.203818509,0.009366647
3,30,61.64639099,89.39389701,0.1,0.20548797,0.009363069
3,30,62.13264064,99.33109628,0.1,0.207108802,0.010403885
3,30,62.63328599,99.50678796,0.1,0.20877762,0.010422287
3,30,63.13693669,96.11989286,0.1,0.210456456,0.010067546
3,30,63.6318025,99.34231336,0.1,0.212106008,0.01040506
3,30,64.12206929,108.9335909,0.1,0.213740231,0.011409646
3,30,64.62733045,104.5601841,0.1,0.215424435,0.010951577
3,30,65.12761981,103.9448355,0.1,0.217092066,0.010887126
3,30,65.61968929,111.3541502,0.1,0.218732298,0.011663174
3,30,66.11397949,116.55502,0.1,0.220379932,0.01220791
3,30,66.62001553,110.2807893,0.1,0.222066718,0.01155075
3,30,67.11645782,114.2277018,0.1,0.223721526,0.011964148
3,30,67.60620073,123.9021197,0.1,0.225354002,0.012977441
3,30,68.11111503,120.3253648,0.1,0.22703705,0.012602814
3,30,68.61286711,119.0152979,0.1,0.228709557,0.012465598
3,30,69.10370582,127.4642056,0.1,0.230345686,0.013350532
3,30,69.59928439,131.514892,0.1,0.231997615,0.013774799
3,30,70.10339469,125.6040324,0.1,0.233677982,0.013155699
3,30,70.59813328,132.1774557,0.1,0.235327111,0.013844195
3,30,71.09174379,139.903954,0.1,0.236972479,0.014653465
3,30,71.59588816,135.1989251,0.1,0.238652961,0.014160662
3,30,72.09454108,136.2413718,0.1,0.240315137,0.014269848
3,30,72.58599023,146.3570629,0.1,0.241953301,0.01532936
3,30,73.0865047,145.53163,0.1,0.243621682,0.015242904
3,30,73.58965954,142.3113347,0.1,0.245298865,0.014905612
3,30,74.08038883,152.6775068,0.1,0.246934629,0.01599136
3,30,74.5774595,155.176317,0.1,0.248591532,0.016253084
3,30,75.08390741,149.8541682,0.1,0.250279691,0.015695645
3,30,75.5751498,158.3043813,0.1,0.251917166,0.016580716
3,30,76.07157526,163.9758173,0.1,0.253571918,0.017174739
3,30,76.57629065,158.3051856,0.1,0.255254302,0.0165808
3,30,77.07069283,164.4368155,0.1,0.256902309,0.017223023
3,30,77.56504761,172.4379845,0.1,0.258550159,0.018061061
3,30,78.06841215,167.449227,0.1,0.260228041,0.017538542
3,30,78.56491341,171.2885451,0.1,0.261883045,0.01794067
3,30,79.0607002,180.987452,0.1,0.263535667,0.018956528
3,30,79.56074399,176.0023787,0.1,0.26520248,0.018434394
3,30,80.05881146,178.6900246,0.1,0.266862705,0.018715897
3,30,80.55336996,189.0977465,0.1,0.268511233,0.019805996
3,30,81.05492225,184.8570164,0.1,0.270183074,0.019361824
3,30,81.5536213,186.0866895,0.1,0.271845404,0.019490619
3,30,82.04486151,197.91707,0.1,0.273482872,0.020729727
3,30,82.54769075,193.1704844,0.1,0.275158969,0.020232572
3,30,83.04706116,194.8847775,0.1,0.276823537,0.020412126
3,30,83.53766444,206.3594114,0.1,0.278458881,0.021613973
3,30,84.04221925,201.1169508,0.1,0.280140731,0.021064881
3,30,84.54063448,204.2960485,0.1,0.281802115,0.021397858
3,30,85.03094951,215.0605387,0.1,0.283436498,0.022525325
3,30,85.53623278,209.4891619,0.1,0.285120776,0.021941782
3,30,86.03157149,213.8202701,0.1,0.286771905,0.02239542
3,30,86.5226637,223.66619,0.1,0.288408879,0.023426676
3,30,87.02781499,217.935767,0.1,0.290092717,0.022826475
3,30,87.5226468,223.7214689,0.1,0.291742156,0.023432466
3,30,88.01487378,232.5142643,0.1,0.293382913,0.024353419
3,30,88.52033363,226.2592391,0.1,0.295067779,0.023698271
3,30,89.01404153,234.8380047,0.1,0.296713472,0.024596806
3,30,89.50875413,240.646807,0.1,0.298362514,0.025205217
3,30,90.01238537,235.1277203,0.1,0.300041285,0.024627151
3,30,90.50278174,246.5764697,0.1,0.301675939,0.025826286
3,30,91.00290403,247.9232198,0.1,0.303343013,0.025967344
3,30,91.50460656,245.2827709,0.1,0.305015355,0.025690785
3,30,91.9913076,258.6153321,0.1,0.306637692,0.02708723
3,30,92.49461221,254.8999177,0.1,0.308315374,0.02669808
3,30,92.99192343,257.2327403,0.1,0.309973078,0.026942418
3,30,93.48121245,269.1653732,0.1,0.311604042,0.028192236
3,30,93.98721546,262.2564672,0.1,0.313290718,0.027468601
3,30,94.48008606,270.9850417,0.1,0.31493362,0.028382827
3,30,94.97394936,277.2972701,0.1,0.316579831,0.029043966
3,30,95.47837841,272.0634142,0.1,0.318261261,0.028495775
3,30,95.9677506,284.8917757,0.1,0.319892502,0.029839411
3,30,96.46777413,283.5591836,0.1,0.321559247,0.029699836
3,30,96.96768286,285.5035597,0.1,0.32322561,0.029903489
3,30,97.45790516,297.1487588,0.1,0.324859684,0.031123201
3,30,97.96153016,290.8760459,0.1,0.326538434,0.0304662
3,30,98.45557819,300.5984242,0.1,0.328185261,0.031484517
3,30,98.95034178,305.4123163,0.1,0.329834473,0.031988721
3,30,99.45393231,302.1253522,0.1,0.331513108,0.031644446
3,30,99.94379974,315.6378637,0.1,0.333145999,0.03305974
3,30,100.4463698,311.0867762,0.1,0.334821233,0.032583061
3,30,100.9422796,318.2096468,0.1,0.336474265,0.033329107
3,30,101.4351011,325.8821065,0.1,0.338117004,0.034132716
3,30,101.9399648,321.1295636,0.1,0.339799883,0.033634937
3,30,102.430475,334.8928543,0.1,0.341434917,0.035076497
3,30,102.930593,331.9977887,0.1,0.343101977,0.034773269
3,30,103.4299139,337.2335427,0.1,0.34476638,0.035321659
3,30,103.9209854,346.4222502,0.1,0.346403285,0.03628408
3,30,104.426045,341.1307933,0.1,0.348086817,0.035729855
3,30,104.9177603,355.676655,0.1,0.349725868,0.037253381
3,30,105.4188058,351.702139,0.1,0.351396019,0.036837092
3,30,105.9163031,358.9622258,0.1,0.353054344,0.03759751
3,30,106.4089538,365.7550326,0.1,0.354696513,0.038308985
3,30,106.9126968,363.3264721,0.1,0.356375656,0.038054619
3,30,107.4042925,376.3059595,0.1,0.358014308,0.039414083
3,30,107.9062033,372.2587545,0.1,0.359687344,0.038990181
3,30,108.4021144,381.7560547,0.1,0.361340381,0.039984923
3,30,108.8972735,385.5269684,0.1,0.362990912,0.040379887
3,30,109.4009746,386.0378064,0.1,0.364669915,0.040433392
3,30,109.8919248,398.5868193,0.1,0.366306416,0.041747768
3,30,110.3956424,393.6437631,0.1,0.367985475,0.041230035
3,30,110.8887641,406.0438919,0.1,0.369629214,0.042528818
3,30,111.3877414,404.2760087,0.1,0.371292471,0.042343651
3,30,111.8870606,412.009989,0.1,0.372956869,0.043153704
3,30,112.3803935,418.1959733,0.1,0.374601312,0.043801621
3,30,112.8842543,417.4293295,0.1,0.376280848,0.043721323
3,30,113.3754681,430.0757733,0.1,0.377918227,0.045045905
3,30,113.8792781,424.9860995,0.1,0.379597594,0.044512815
3,30,114.3732383,438.6197555,0.1,0.381244128,0.045940797
3,30,114.871997,437.0381486,0.1,0.382906657,0.04577514
3,30,115.3715781,445.6400921,0.1,0.384571927,0.046676103
3,30,115.8649605,449.8328941,0.1,0.386216535,0.047115255
3,30,116.3684488,451.7227551,0.1,0.387894829,0.047313198
3,30,116.8599888,461.9413979,0.1,0.389533296,0.048383493
3,30,117.3638748,459.6880594,0.1,0.391212916,0.048147479
3,30,117.8568956,472.6437862,0.1,0.392856319,0.049504455
3,30,118.3590178,468.9429225,0.1,0.394530059,0.049116829
3,30,118.8538388,482.1839366,0.1,0.396179463,0.050503685
3,30,119.3531224,480.8793033,0.1,0.397843741,0.050367039
3,35,2.495352049,-0.389521663,0.085714286,0.007129577,-3.497E-05
3,35,2.991801018,0.25867301,0.085714286,0.008548003,2.32228E-05
3,35,3.48415936,0.370819806,0.085714286,0.009954741,3.3291E-05
3,35,3.981221169,0.599659663,0.085714286,0.011374918,5.38355E-05
3,35,4.48059779,0.626213865,0.085714286,0.012801708,5.62194E-05
3,35,4.96877743,1.450918023,0.085714286,0.014196507,0.000130259
3,35,5.48433198,0.487317913,0.085714286,0.01566952,4.37498E-05
3,35,5.967560633,1.524959716,0.085714286,0.017050173,0.000136906
3,35,6.464678803,1.694898477,0.085714286,0.018470511,0.000152162
3,35,6.979723309,0.536225669,0.085714286,0.019942067,4.81406E-05
3,35,7.493312858,0.288537647,0.085714286,0.021409465,2.5904E-05
3,35,7.989009074,0.321366782,0.085714286,0.02282574,2.88512E-05
3,35,8.491119993,-0.074559999,0.085714286,0.024260343,-6.69375E-06
3,35,8.985483766,0.92882732,0.085714286,0.025672811,8.3387E-05
3,35,9.47326693,0.936730802,0.085714286,0.027066477,8.40966E-05
3,35,9.969294288,1.427376549,0.085714286,0.028483698,0.000128145
3,35,10.45588499,2.028849421,0.085714286,0.029873957,0.000182143
3,35,10.94642948,2.716987478,0.085714286,0.031275513,0.000243922
3,35,11.45673303,1.83520517,0.085714286,0.032733523,0.000164759
3,35,11.95317061,2.569654818,0.085714286,0.034151916,0.000230695
3,35,12.43582814,3.975991068,0.085714286,0.035530938,0.000356951
3,35,12.95193583,2.477522108,0.085714286,0.037005531,0.000222424
3,35,13.45420826,2.346272716,0.085714286,0.038440595,0.000210641
3,35,13.96261249,1.565254095,0.085714286,0.039893179,0.000140523
3,35,14.46384828,1.649921021,0.085714286,0.041325281,0.000148124
3,35,14.96433304,1.424781199,0.085714286,0.042755237,0.000127912
3,35,15.44788179,2.55911588,0.085714286,0.044136805,0.000229749
3,35,15.94535526,2.851518603,0.085714286,0.045558158,0.000256
3,35,16.42501725,4.166628915,0.085714286,0.046928621,0.000374066
3,35,16.93216204,4.043719989,0.085714286,0.048377606,0.000363032
3,35,17.42910236,4.376048652,0.085714286,0.049797435,0.000392867
3,35,17.91274521,5.346335946,0.085714286,0.051179272,0.000479976
3,35,18.41019998,5.363618231,0.085714286,0.052600571,0.000481528
3,35,18.92313368,4.61198201,0.085714286,0.054066096,0.000414048
3,35,19.43533006,4.051596698,0.085714286,0.055529514,0.000363739
3,35,19.93270108,3.474135493,0.085714286,0.056950575,0.000311896
3,35,20.43554343,3.405176209,0.085714286,0.058387267,0.000305705
3,35,20.93086574,4.113350321,0.085714286,0.059802474,0.000369283
3,35,21.42317575,5.014139504,0.085714286,0.061209074,0.000450153
3,35,21.90208254,6.75747518,0.085714286,0.062577379,0.000606664
3,35,22.39478733,6.881082295,0.085714286,0.063985107,0.000617761
3,35,22.88990691,7.689646412,0.085714286,0.065399734,0.000690351
3,35,23.3829861,8.456795267,0.085714286,0.066808532,0.000759223
3,35,23.88981169,7.257742172,0.085714286,0.068256605,0.000651576
3,35,24.39785399,6.89660624,0.085714286,0.069708154,0.000619154
3,35,24.90181274,6.280416821,0.085714286,0.071148036,0.000563835
3,35,25.40671626,6.208814915,0.085714286,0.072590618,0.000557407
3,35,25.89674044,6.331055067,0.085714286,0.073990687,0.000568381
3,35,26.37903941,8.616464605,0.085714286,0.075368684,0.000773558
3,35,26.8757001,9.731802792,0.085714286,0.076787715,0.000873689
3,35,27.36575235,10.1264649,0.085714286,0.078187864,0.00090912
3,35,27.85974106,11.49874236,0.085714286,0.07959926,0.001032319
3,35,28.3594772,11.21238339,0.085714286,0.081027078,0.001006611
3,35,28.86272024,10.93148274,0.085714286,0.082464915,0.000981392
3,35,29.3734069,9.159866832,0.085714286,0.08392402,0.000822342
3,35,29.86753039,9.6680723,0.085714286,0.085335801,0.000867967
3,35,30.37154186,9.440399037,0.085714286,0.086775834,0.000847528
3,35,30.8546885,11.99923575,0.085714286,0.088156253,0.001077252
3,35,31.34092424,13.5695615,0.085714286,0.089545498,0.00121823
3,35,31.84072774,14.34058217,0.085714286,0.090973508,0.00128745
3,35,32.33043713,15.46914612,0.085714286,0.092372678,0.001388769
3,35,32.83481214,15.16060914,0.085714286,0.093813749,0.001361069
3,35,33.34001304,13.63802746,0.085714286,0.09525718,0.001224377
3,35,33.84460078,13.12649407,0.085714286,0.096698859,0.001178453
3,35,34.34060821,13.74038181,0.085714286,0.098116023,0.001233566
3,35,34.83546889,14.41857246,0.085714286,0.099529911,0.001294452
3,35,35.31542993,18.38613125,0.085714286,0.100901228,0.001650646
3,35,35.8154647,18.50513474,0.085714286,0.102329899,0.00166133
3,35,36.30769901,19.7991868,0.085714286,0.103736283,0.001777505
3,35,36.80893559,19.66202038,0.085714286,0.105168387,0.001765191
3,35,37.31804943,17.66432422,0.085714286,0.106622998,0.001585844
3,35,37.82118226,17.40589404,0.085714286,0.108060521,0.001562643
3,35,38.31645573,18.24580184,0.085714286,0.109475588,0.001638048
3,35,38.80370519,21.10279679,0.085714286,0.110867729,0.001894539
3,35,39.29888102,23.10557636,0.085714286,0.112282517,0.002074342
3,35,39.7898888,24.25024201,0.085714286,0.113685397,0.002177106
3,35,40.28565511,24.82197436,0.085714286,0.115101872,0.002228434
3,35,40.7922781,23.40330742,0.085714286,0.116549366,0.002101071
3,35,41.29896271,21.80679299,0.085714286,0.117997036,0.001957741
3,35,41.79094286,23.55472864,0.085714286,0.119402694,0.002114665
3,35,42.28659226,24.95667959,0.085714286,0.120818835,0.002240528
3,35,42.77249086,29.14324366,0.085714286,0.122207117,0.002616384
3,35,43.26953851,29.49541377,0.085714286,0.123627253,0.002648
3,35,43.76798473,30.00965314,0.085714286,0.125051385,0.002694167
3,35,44.2726043,28.50132298,0.085714286,0.126493155,0.002558754
3,35,44.77806321,27.03273432,0.085714286,0.127937323,0.002426909
3,35,45.2690137,29.50227396,0.085714286,0.129340039,0.002648616
3,35,45.75782128,32.25283142,0.085714286,0.130736632,0.002895552
3,35,46.25099796,35.16092539,0.085714286,0.132145708,0.003156631
3,35,46.74937539,35.87909954,0.085714286,0.133569644,0.003221106
3,35,47.2507329,34.89739801,0.085714286,0.135002094,0.003132973
3,35,47.75614684,33.10432631,0.085714286,0.136446134,0.002971997
3,35,48.25283004,33.67842546,0.085714286,0.137865229,0.003023537
3,35,48.74369326,37.18867677,0.085714286,0.139267695,0.003338676
3,35,49.23462393,41.94511453,0.085714286,0.140670354,0.003765693
3,35,49.73458633,41.62165535,0.085714286,0.142098818,0.003736654
3,35,50.23593086,40.73655174,0.085714286,0.143531231,0.003657192
3,35,50.73778428,39.77762657,0.085714286,0.144965098,0.003571103
3,35,51.23754775,39.61184456,0.085714286,0.146392994,0.00355622
3,35,51.72725745,43.73124733,0.085714286,0.147792164,0.003926046
3,35,52.21506095,48.53112675,0.085714286,0.149185888,0.004356963
3,35,52.72083005,47.67984122,0.085714286,0.150630943,0.004280538
3,35,53.21735958,47.07707014,0.085714286,0.152049599,0.004226423
3,35,53.72280099,46.02311131,0.085714286,0.153493717,0.004131802
3,35,54.22010306,46.59840848,0.085714286,0.15491458,0.00418345
3,35,54.70830889,52.10603283,0.085714286,0.156309454,0.004677907
3,35,55.20000709,56.10894356,0.085714286,0.157714306,0.005037275
3,35,55.70341541,53.91679028,0.085714286,0.159152615,0.00484047
3,35,56.20454981,53.22578621,0.085714286,0.160584428,0.004778434
3,35,56.70642085,53.19156765,0.085714286,0.162018345,0.004775362
3,35,57.19847499,56.0033191,0.085714286,0.163424214,0.005027792
3,35,57.68812509,61.34333719,0.085714286,0.164823215,0.005507201
3,35,58.18726914,63.11955957,0.085714286,0.16624934,0.005666665
3,35,58.69180314,60.04409633,0.085714286,0.167690866,0.00539056
3,35,59.19064139,60.14272501,0.085714286,0.169116118,0.005399414
3,35,59.68743581,61.75069197,0.085714286,0.170535531,0.005543772
3,35,60.1781717,68.02942467,0.085714286,0.171937633,0.006107456
3,35,60.67422194,70.71936755,0.085714286,0.17335492,0.00634895
3,35,61.17924595,66.98427347,0.085714286,0.174797846,0.006013626
3,35,61.68026206,67.37572738,0.085714286,0.17622932,0.006048769
3,35,62.17576278,69.50020108,0.085714286,0.177645037,0.006239497
3,35,62.66563164,75.14075883,0.085714286,0.179044662,0.006745888
3,35,63.16130661,78.06251075,0.085714286,0.180460876,0.007008193
3,35,63.66667915,75.03859056,0.085714286,0.181904798,0.006736716
3,35,64.16756643,74.69044932,0.085714286,0.183335904,0.006705461
3,35,64.66217913,77.62731073,0.085714286,0.184749083,0.006969122
3,35,65.15434013,83.26203973,0.085714286,0.186155258,0.00747499
3,35,65.65129353,85.62476059,0.085714286,0.187575124,0.007687107
3,35,66.15394708,82.6660796,0.085714286,0.189011277,0.007421486
3,35,66.65393801,82.78552654,0.085714286,0.190439823,0.00743221
3,35,67.14781444,86.95342567,0.085714286,0.191850898,0.00780639
3,35,67.64139661,92.42238849,0.085714286,0.193261133,0.008297375
3,35,68.14157027,93.02985078,0.085714286,0.194690201,0.008351911
3,35,68.64464468,90.06107819,0.085714286,0.196127556,0.008085385
3,35,69.14288649,91.94965958,0.085714286,0.197551104,0.008254935
3,35,69.63644401,97.21023762,0.085714286,0.198961269,0.008727212
3,35,70.12970513,102.7173978,0.085714286,0.200370586,0.009221627
3,35,70.63216276,99.31739165,0.085714286,0.201806179,0.008916386
3,35,71.13499439,97.596311,0.085714286,0.203242841,0.008761873
3,35,71.62774729,104.0789662,0.085714286,0.204650707,0.009343864
3,35,72.12539493,107.9432066,0.085714286,0.206072557,0.009690783
3,35,72.62084147,111.0395101,0.085714286,0.207488119,0.009968759
3,35,73.12512354,106.2342385,0.085714286,0.208928924,0.009537357
3,35,73.62266255,108.0679644,0.085714286,0.210350464,0.009701983
3,35,74.11396227,116.2679463,0.085714286,0.211754178,0.01043815
3,35,74.61412385,118.5954046,0.085714286,0.213183211,0.010647102
3,35,75.11647393,116.0173259,0.085714286,0.214618497,0.01041565
3,35,75.61425475,115.9054592,0.085714286,0.216040728,0.010405607
3,35,76.10703891,123.0225389,0.085714286,0.217448683,0.011044555
3,35,76.60429946,126.7420516,0.085714286,0.218869427,0.011378481
3,35,77.10481829,126.7666798,0.085714286,0.220299481,0.011380692
3,35,77.60767449,122.8391327,0.085714286,0.221736213,0.01102809
3,35,78.09979448,129.9759717,0.085714286,0.22314227,0.011668811
3,35,78.5949571,136.039004,0.085714286,0.22455702,0.01221313
3,35,79.09511154,135.1797666,0.085714286,0.225986033,0.012135991
3,35,79.59816956,132.1787027,0.085714286,0.227423342,0.011866565
3,35,80.0928242,137.7961059,0.085714286,0.228836641,0.012370877
3,35,80.58729804,145.3424308,0.085714286,0.230249423,0.013048361
3,35,81.08831029,143.4589815,0.085714286,0.231680887,0.012879271
3,35,81.59022814,142.258414,0.085714286,0.233114938,0.012771488
3,35,82.08562681,146.1894876,0.085714286,0.234530362,0.013124407
3,35,82.58091793,154.260055,0.085714286,0.23594548,0.013848956
3,35,83.08073045,152.3995,0.085714286,0.237373516,0.013681921
3,35,83.58195751,151.4308781,0.085714286,0.238805593,0.013594962
3,35,84.0783114,155.2497605,0.085714286,0.240223747,0.013937808
3,35,84.57116854,164.0237481,0.085714286,0.24163191,0.014725508
3,35,85.07273699,161.3612534,0.085714286,0.243064963,0.014486478
3,35,85.5738196,160.8237478,0.085714286,0.244496627,0.014438222
3,35,86.07071245,165.1754374,0.085714286,0.245916321,0.014828902
3,35,86.56322656,173.8871643,0.085714286,0.247323504,0.015611012
3,35,87.06625946,169.9347547,0.085714286,0.248760741,0.015256178
3,35,87.56732838,170.5915363,0.085714286,0.250192367,0.015315142
3,35,88.06315044,176.1797513,0.085714286,0.251609001,0.015816833
3,35,88.55596663,183.486454,0.085714286,0.253017048,0.016472805
3,35,89.05943286,178.4834544,0.085714286,0.254455522,0.016023652
3,35,89.55807664,181.1539772,0.085714286,0.255880219,0.016263403
3,35,90.05413399,187.7993085,0.085714286,0.257297526,0.016859999
3,35,90.55044583,192.3035787,0.085714286,0.25871556,0.017264377
3,35,91.05263979,187.2542948,0.085714286,0.260150399,0.016811069
3,35,91.54763201,192.7409859,0.085714286,0.261564663,0.017303646
3,35,92.04326248,199.7802076,0.085714286,0.26298075,0.017935604
3,35,92.54219191,200.2234103,0.085714286,0.264406263,0.017975393
3,35,93.04621484,197.2257606,0.085714286,0.265846328,0.017706274
3,35,93.53773449,205.200633,0.085714286,0.26725067,0.018422232
3,35,94.03480664,210.7756038,0.085714286,0.268670876,0.018922734
3,35,94.53626845,207.7141084,0.085714286,0.270103624,0.018647883
3,35,95.03633398,209.0798789,0.085714286,0.271532383,0.018770497
3,35,95.52700703,218.0653016,0.085714286,0.272934306,0.019577179
3,35,96.02524066,220.3023825,0.085714286,0.27435783,0.019778017
3,35,96.52981588,215.8174996,0.085714286,0.275799474,0.019375379
3,35,97.0224401,223.4014936,0.085714286,0.277206972,0.020056245
3,35,97.51880899,229.637638,0.085714286,0.278625169,0.020616105
3,35,98.01755043,228.4655677,0.085714286,0.280050144,0.02051088
3,35,98.5189585,227.4632757,0.085714286,0.281482739,0.020420898
3,35,99.00949506,237.8795537,0.085714286,0.282884272,0.021356037
3,35,99.51004799,239.3641707,0.085714286,0.284314423,0.021489321
3,35,100.0091291,236.8873605,0.085714286,0.285740369,0.021266961
3,35,100.5049049,243.1175511,0.085714286,0.287156871,0.021826287
3,35,100.9976884,250.1070786,0.085714286,0.288564824,0.022453783
3,35,101.4985694,247.6280984,0.085714286,0.289995913,0.022231229
3,35,101.9992543,248.7689539,0.085714286,0.291426441,0.022333651
3,35,102.4899365,259.7607162,0.085714286,0.29282839,0.023320455
3,35,102.9905091,259.1150442,0.085714286,0.294258598,0.023262489
3,35,103.4907835,257.7206789,0.085714286,0.295687953,0.023137307
3,35,103.9844983,265.7048457,0.085714286,0.297098566,0.023854099
3,35,104.4785668,271.1103583,0.085714286,0.298510191,0.024339388
3,35,104.9809618,267.3142718,0.085714286,0.299945605,0.023998588
3,35,105.4778806,272.58452,0.085714286,0.301365373,0.024471733
3,35,105.9691978,282.6304178,0.085714286,0.302769136,0.025373621
3,35,106.4719854,278.170715,0.085714286,0.304205673,0.024973243
3,35,106.969022,281.751623,0.085714286,0.305625777,0.025294725
3,35,107.4629453,290.6344278,0.085714286,0.307036986,0.026092194
3,35,107.9618799,290.1318721,0.085714286,0.308462514,0.026047076
3,35,108.4621655,289.8899691,0.085714286,0.309891901,0.026025359
3,35,108.955378,299.754683,0.085714286,0.31130108,0.02691098
3,35,109.4512085,302.9410312,0.085714286,0.312717739,0.02719704
3,35,109.9549045,299.873689,0.085714286,0.31415687,0.026921664
3,35,110.4482225,309.690528,0.085714286,0.31556635,0.027802988
3,35,110.9432176,314.0202545,0.085714286,0.316980622,0.028191696
3,35,111.4470484,309.9728133,0.085714286,0.318420138,0.02782833
3,35,111.9413043,319.1349453,0.085714286,0.319832298,0.028650876
3,35,112.4359788,324.8528301,0.085714286,0.321245654,0.029164209
3,35,112.9379981,321.8135582,0.085714286,0.322679995,0.028891353
3,35,113.4346535,328.4924972,0.085714286,0.32409901,0.029490966
3,35,113.9283108,335.7212815,0.085714286,0.325509459,0.030139942
3,35,114.4287968,333.9476863,0.085714286,0.326939419,0.029980715
3,35,114.9280076,338.7523175,0.085714286,0.328365736,0.030412059
3,35,115.4212051,347.9023102,0.085714286,0.329774872,0.031233515
3,35,115.9206128,344.6605291,0.085714286,0.331201751,0.030942478
3,35,116.420984,349.1698891,0.085714286,0.332631383,0.031347314
3,35,116.913846,359.5431387,0.085714286,0.33403956,0.032278589
3,35,117.4145124,356.2901074,0.085714286,0.335470035,0.031986543
3,35,117.9149355,360.3904237,0.085714286,0.336899816,0.032354656
3,35,118.4061006,370.9622867,0.085714286,0.338303145,0.033303763
3,35,118.9077394,366.9970478,0.085714286,0.339736398,0.032947777
3,35,119.4076128,372.9223878,0.085714286,0.341164608,0.033479734
3,35,119.89923,382.820391,0.085714286,0.342569229,0.034368344
3,35,120.4008923,378.6112535,0.085714286,0.344002549,0.033990462
3,35,120.900461,385.4970262,0.085714286,0.345429889,0.034608643
3,35,121.3933595,394.8395986,0.085714286,0.34683817,0.035447388
3,35,121.8947248,390.1425548,0.085714286,0.348270642,0.035025703
3,35,122.3928149,398.3944629,0.085714286,0.349693757,0.035766532
3,35,122.8862421,405.9342833,0.085714286,0.351103549,0.036443432
3,35,123.3886321,402.4122047,0.085714286,0.352538949,0.036127232
3,35,123.8863735,412.0330545,0.085714286,0.353961067,0.03699096
3,35,124.3803624,417.4860606,0.085714286,0.355372464,0.037480513
3,35,124.8842186,414.5387755,0.085714286,0.356812053,0.037215915
3,35,125.3786886,426.1719745,0.085714286,0.358224825,0.038260305
3,35,125.873938,428.7073574,0.085714286,0.359639823,0.038487923
3,35,126.3773916,427.1726562,0.085714286,0.361078262,0.038350143
3,35,126.8722875,439.9651292,0.085714286,0.36249225,0.039498609
3,35,127.3681631,440.3606931,0.085714286,0.363909038,0.039534121
3,35,127.8715786,440.369415,0.085714286,0.365347368,0.039534904
3,35,128.365096,453.7494675,0.085714286,0.366757417,0.040736121
3,35,128.8634931,451.8843368,0.085714286,0.368181409,0.040568676
3,35,129.3663191,454.6097026,0.085714286,0.369618055,0.04081335
3,35,129.8579943,466.9646531,0.085714286,0.371022841,0.041922536
3,35,130.3589931,463.8504072,0.085714286,0.372454266,0.04164295
3,35,130.8602811,470.0929439,0.085714286,0.373886518,0.042203384
3,35,131.352219,479.167519,0.085714286,0.375292054,0.043018069
3,35,131.8544594,476.6971091,0.085714286,0.376727027,0.042796284
3,35,132.3524834,486.1432228,0.085714286,0.378149953,0.043644325
3,35,132.8477719,490.1049816,0.085714286,0.379565063,0.043999998
4,25,2.284867184,1.410762674,0.16,0.009139469,0.000177315
4,25,2.807045809,0.314830556,0.16,0.011228183,3.95702E-05
4,25,3.315458488,-0.884562972,0.16,0.013261834,-0.000111178
4,25,3.819543345,-1.346757304,0.16,0.015278173,-0.00016927
4,25,4.301942054,-0.113913713,0.16,0.017207768,-1.43175E-05
4,25,4.782276438,1.301521446,0.16,0.019129106,0.000163585
4,25,5.286708153,0.903103044,0.16,0.021146833,0.000113509
4,25,5.775303431,1.670137205,0.16,0.023101214,0.000209915
4,25,6.262014729,2.785303383,0.16,0.025048059,0.000350077
4,25,6.792091341,1.081387816,0.16,0.027168365,0.000135917
4,25,7.30552513,0.124247762,0.16,0.029222101,1.56164E-05
4,25,7.802162385,-0.000776387,0.16,0.03120865,-9.7582E-08
4,25,8.288465415,0.872239062,0.16,0.033153862,0.000109629
4,25,8.76756733,2.633635155,0.16,0.035070269,0.000331015
4,25,9.273621778,2.151285652,0.16,0.037094487,0.000270389
4,25,9.743930968,4.724633322,0.16,0.038975724,0.000593827
4,25,10.26865964,2.810339411,0.16,0.041074639,0.000353224
4,25,10.77905431,1.842522279,0.16,0.043116217,0.000231582
4,25,11.28863415,1.125039493,0.16,0.045154537,0.000141403
4,25,11.78069175,1.680484363,0.16,0.047122767,0.000211216
4,25,12.25996263,3.334913535,0.16,0.049039851,0.000419156
4,25,12.74820025,4.342727722,0.16,0.050992801,0.000545826
4,25,13.23246634,5.883215297,0.16,0.052929865,0.000739446
4,25,13.74156903,4.875683443,0.16,0.054966276,0.000612812
4,25,14.26532991,3.529921109,0.16,0.05706132,0.000443666
4,25,14.76015681,2.539593814,0.16,0.059040627,0.000319195
4,25,15.25054771,3.921738786,0.16,0.061002191,0.000492913
4,25,15.75149539,4.438654764,0.16,0.063005982,0.000557883
4,25,16.22477594,7.370636626,0.16,0.064899104,0.000926396
4,25,16.72219248,7.757126878,0.16,0.06688877,0.000974973
4,25,17.23068488,6.581469589,0.16,0.06892274,0.000827207
4,25,17.73766965,5.00885472,0.16,0.070950679,0.00062955
4,25,18.24255854,4.705943405,0.16,0.072970234,0.000591478
4,25,18.72881415,6.051983607,0.16,0.074915257,0.000760658
4,25,19.20647219,9.602918165,0.16,0.076825889,0.001206965
4,25,19.6997213,10.34621851,0.16,0.078798885,0.001300389
4,25,20.21236723,8.931216775,0.16,0.080849469,0.001122541
4,25,20.7219436,7.150581058,0.16,0.082887774,0.000898738
4,25,21.21895143,7.656425924,0.16,0.084875806,0.000962316
4,25,21.71699766,8.510906257,0.16,0.086867991,0.001069713
4,25,22.1859507,13.24250142,0.16,0.088743803,0.001664415
4,25,22.69168258,12.80518011,0.16,0.09076673,0.001609449
4,25,23.19572655,11.15846595,0.16,0.092782906,0.001402478
4,25,23.70511598,9.32873528,0.16,0.094820464,0.001172504
4,25,24.19681654,10.86273463,0.16,0.096787266,0.001365308
4,25,24.67693205,14.82744192,0.16,0.098707728,0.001863622
4,25,25.17253213,16.58093501,0.16,0.100690129,0.002084014
4,25,25.67929108,14.54788406,0.16,0.102717164,0.001828485
4,25,26.18952921,13.16130891,0.16,0.104758117,0.00165421
4,25,26.68789846,13.61124096,0.16,0.106751594,0.001710761
4,25,27.16710234,17.53694928,0.16,0.108668409,0.002204173
4,25,27.65563349,20.47789753,0.16,0.110622534,0.002573813
4,25,28.16119406,18.0628961,0.16,0.112644776,0.002270278
4,25,28.67064031,15.98629539,0.16,0.114682561,0.002009275
4,25,29.16416926,18.01177233,0.16,0.116656677,0.002263852
4,25,29.6466228,22.72820798,0.16,0.118586491,0.002856648
4,25,30.14309264,23.45668169,0.16,0.120572371,0.002948208
4,25,30.65040274,21.18124854,0.16,0.122601611,0.002662215
4,25,31.15528719,19.85489186,0.16,0.124621149,0.002495509
4,25,31.63762646,24.05669715,0.16,0.126550506,0.003023623
4,25,32.12462363,28.6709309,0.16,0.128498495,0.003603573
4,25,32.63366356,25.89201085,0.16,0.130534654,0.003254298
4,25,33.13734011,24.20277624,0.16,0.13254936,0.003041983
4,25,33.63119979,26.70157512,0.16,0.134524799,0.00335605
4,25,34.11570251,32.47629068,0.16,0.13646281,0.004081859
4,25,34.61871151,30.87952905,0.16,0.138474846,0.003881166
4,25,35.1231287,28.55659196,0.16,0.140492515,0.003589202
4,25,35.61854001,30.41983643,0.16,0.14247416,0.003823389
4,25,36.10280463,37.14359236,0.16,0.144411219,0.00466848
4,25,36.60531311,35.5259139,0.16,0.146421252,0.004465158
4,25,37.11107203,33.08385537,0.16,0.148444288,0.004158222
4,25,37.6053278,35.6551723,0.16,0.150421311,0.004481404
4,25,38.0913835,42.29005898,0.16,0.152365534,0.005315326
4,25,38.59480455,40.08264432,0.16,0.154379218,0.005037881
4,25,39.097875,37.98307692,0.16,0.1563915,0.004773992
4,25,39.59258538,42.18571338,0.16,0.158370342,0.005302211
4,25,40.078659,48.1359112,0.16,0.160314636,0.006050075
4,25,40.58600416,43.75767627,0.16,0.162344017,0.005499786
4,25,41.08711771,43.80306479,0.16,0.164348471,0.005505491
4,25,41.57524371,50.27591307,0.16,0.166300975,0.006319046
4,25,42.07066651,52.26915532,0.16,0.168282666,0.006569572
4,25,42.57644065,48.57167039,0.16,0.170305763,0.006104845
4,25,43.07241424,51.58739295,0.16,0.172289657,0.006483883
4,25,43.5601085,58.80601746,0.16,0.174240434,0.007391173
4,25,44.0646794,54.87076387,0.16,0.176258718,0.006896561
4,25,44.5648122,55.04379547,0.16,0.178259249,0.006918309
4,25,45.05420384,62.44813572,0.16,0.180216815,0.007848941
4,25,45.55192368,63.23837547,0.16,0.182207695,0.007948264
4,25,46.05683048,59.72728938,0.16,0.184227322,0.007506965
4,25,46.54764441,65.91940986,0.16,0.186190578,0.008285236
4,25,47.0420521,70.53948609,0.16,0.188168208,0.008865921
4,25,47.54634031,65.28876577,0.16,0.190185361,0.008205972
4,25,48.04137569,70.3061222,0.16,0.192165503,0.00883659
4,25,48.5319698,76.91619084,0.16,0.194127879,0.009667392
4,25,49.03798691,71.02996187,0.16,0.196151948,0.008927568
4,25,49.53359408,75.86427147,0.16,0.198134376,0.009535179
4,25,50.026594,82.89646627,0.16,0.200106376,0.010419037
4,25,50.52836806,78.51177358,0.16,0.202113472,0.009867937
4,25,51.02662039,81.72387348,0.16,0.204106482,0.010271657
4,25,51.51880688,88.79837831,0.16,0.206075228,0.011160833
4,25,52.02120758,84.80309942,0.16,0.20808483,0.010658677
4,25,52.51826775,88.9631736,0.16,0.210073071,0.011181546
4,25,53.00969329,95.45787903,0.16,0.212038773,0.011997848
4,25,53.51500475,90.9994675,0.16,0.214060019,0.011437482
4,25,54.0089249,96.53537204,0.16,0.2160357,0.012133275
4,25,54.50265628,102.0603154,0.16,0.218010625,0.012827691
4,25,55.00805263,97.50464524,0.16,0.220032211,0.012255101
4,25,55.50025243,105.022898,0.16,0.22200101,0.01320005
4,25,56.00010723,108.2986783,0.16,0.224000429,0.013611774
4,25,56.50039359,104.2557794,0.16,0.226001574,0.013103633
4,25,56.99166246,114.5071848,0.16,0.22796665,0.014392105
4,25,57.491893,113.9815295,0.16,0.229967572,0.014326037
4,25,57.99356244,112.9639791,0.16,0.23197425,0.014198143
4,25,58.48537865,122.6728725,0.16,0.233941515,0.015418429
4,25,58.98591535,119.6884149,0.16,0.235943661,0.01504332
4,25,59.48457859,123.3432106,0.16,0.237938314,0.015502682
4,25,59.98045435,130.0303822,0.16,0.239921817,0.016343175
4,25,60.48273643,125.8492045,0.16,0.241930946,0.015817653
4,25,60.97709834,136.0651227,0.16,0.243908393,0.017101665
4,25,61.47456895,134.6906914,0.16,0.245898276,0.016928916
4,25,61.97466703,135.8374453,0.16,0.247898668,0.017073049
4,25,62.47015853,145.5347414,0.16,0.249880634,0.018291876
4,25,62.97304076,140.3130183,0.16,0.251892163,0.017635572
4,25,63.4675045,149.0647841,0.16,0.253870018,0.018735558
4,25,63.96392466,149.433848,0.16,0.255855699,0.018781945
4,25,64.46380816,151.0981864,0.16,0.257855233,0.018991131
4,25,64.95710271,159.8553957,0.16,0.259828411,0.020091802
4,25,65.45869641,155.5495662,0.16,0.261834786,0.019550613
4,25,65.95473025,164.4137537,0.16,0.263818921,0.020664729
4,25,66.45320669,164.9937181,0.16,0.265812827,0.020737624
4,25,66.95530905,167.0587545,0.16,0.267821236,0.020997173
4,25,67.44972399,174.3960688,0.16,0.269798896,0.02191938
4,25,67.95012604,171.1644365,0.16,0.271800504,0.021513205
4,25,68.44464144,181.1125527,0.16,0.273778566,0.022763557
4,25,68.94465454,179.2646505,0.16,0.275778618,0.022531299
4,25,69.44335885,185.3731933,0.16,0.277773435,0.023299066
4,25,69.9394972,188.638282,0.16,0.279757989,0.023709446
4,25,70.44115286,188.8373411,0.16,0.281764611,0.023734465
4,25,70.93595273,197.7760332,0.16,0.283743811,0.024857946
4,25,71.43849762,194.4748461,0.16,0.285753991,0.024443029
4,25,71.93453075,204.3079514,0.16,0.287738123,0.025678926
4,25,72.43150077,202.3935226,0.16,0.289726003,0.025438306
4,25,72.92885675,209.6168451,0.16,0.291715427,0.026346186
4,25,73.42602694,211.8554569,0.16,0.293704108,0.026627552
4,25,73.9260489,213.7260211,0.16,0.295704196,0.026862658
4,25,74.42236431,219.6771125,0.16,0.297689457,0.027610635
4,25,74.92404118,219.8397808,0.16,0.299696165,0.02763108
4,25,75.41964145,229.2282868,0.16,0.301678566,0.028811097
4,25,75.91857889,226.048712,0.16,0.303674316,0.028411464
4,25,76.41503266,235.5808611,0.16,0.305660131,0.029609535
4,25,76.91397377,234.4068844,0.16,0.307655895,0.029461981
4,25,77.41191796,241.7100947,0.16,0.309647672,0.030379902
4,25,77.91043981,241.7881074,0.16,0.311641759,0.030389707
4,25,78.40969414,248.0784761,0.16,0.313638777,0.031180327
4,25,78.90741934,250.9492213,0.16,0.315629677,0.031541143
4,25,79.40508356,254.1355854,0.16,0.317620334,0.031941629
4,25,79.90159918,259.2877801,0.16,0.319606397,0.032589195
4,25,80.4015449,261.441718,0.16,0.32160618,0.032859917
4,25,80.89570485,267.445379,0.16,0.323582819,0.033614502
4,25,81.39637525,267.4136432,0.16,0.325585501,0.033610513
4,25,81.89110686,275.7935743,0.16,0.327564427,0.034663764
4,25,82.39446217,274.8740265,0.16,0.329577849,0.034548189
4,25,82.88743071,283.3556746,0.16,0.331549723,0.035614225
4,25,83.38816064,282.9566376,0.16,0.333552643,0.035564071
4,25,83.8837655,291.220141,0.16,0.335535062,0.036602689
4,25,84.38234963,290.9055927,0.16,0.337529399,0.036563154
4,25,84.87738965,299.6166151,0.16,0.339509559,0.037658019
4,25,85.37896714,298.5650239,0.16,0.341515869,0.037525847
4,25,85.87256675,307.9581505,0.16,0.343490267,0.038706445
4,25,86.37092343,306.8202473,0.16,0.345483694,0.038563425
4,25,86.867424,315.7534333,0.16,0.347469696,0.039686213
4,25,87.36569708,315.8064606,0.16,0.349462788,0.039692878
4,25,87.86320055,324.0210474,0.16,0.351452802,0.040725348
4,25,88.36096214,324.2943592,0.16,0.353443849,0.0407597
4,25,88.85592109,332.5589971,0.16,0.355423684,0.04179846
4,25,89.35474558,332.7189061,0.16,0.357418982,0.041818559
4,25,89.85062048,341.6279711,0.16,0.359402482,0.042938315
4,25,90.34900944,341.3812038,0.16,0.361396038,0.0429073
4,25,90.84345801,350.9125966,0.16,0.363373832,0.044105275
4,25,91.34338465,350.2330818,0.16,0.365373539,0.044019869
4,25,91.83806914,360.1102956,0.16,0.367352277,0.04526131
4,25,92.33756118,359.9663735,0.16,0.369350245,0.045243221
4,25,92.83229706,369.0305561,0.16,0.371329188,0.046382474
4,25,93.33296135,370.070856,0.16,0.373331845,0.046513226
4,25,93.82716876,377.9691269,0.16,0.375308675,0.047505939
4,25,94.32683526,380.39734,0.16,0.377307341,0.047811135
4,25,94.8209029,386.9344542,0.16,0.379283612,0.048632767
4,25,95.32202225,391.4186438,0.16,0.381288089,0.049196373
4,25,95.81677085,395.6931093,0.16,0.383267083,0.049733619
4,25,96.31533774,402.4613999,0.16,0.385261351,0.050584308
4,25,96.81143269,404.9374983,0.16,0.387245731,0.050895522
4,25,97.30999316,413.2541585,0.16,0.389239973,0.051940821
4,25,97.80670923,415.0398263,0.16,0.391226837,0.052165257
4,25,98.30376644,422.9775808,0.16,0.393215066,0.053162932
4,25,98.80150239,426.2688704,0.16,0.39520601,0.053576606
4,25,99.29908969,432.6142292,0.16,0.397196359,0.054374137
4,25,99.79727229,438.1594099,0.16,0.399189089,0.055071096
4,25,100.2942389,441.8739828,0.16,0.401176956,0.055537971
4,25,100.793136,449.9668604,0.16,0.403172544,0.056555143
4,25,101.2886949,452.4331748,0.16,0.40515478,0.056865128
4,25,101.7874685,461.3935787,0.16,0.407149874,0.057991337
4,25,102.2850681,463.4379212,0.16,0.409140273,0.058248285
4,25,102.7833663,471.9337679,0.16,0.411133465,0.059316106
4,25,103.2791715,476.5447264,0.16,0.413116686,0.059895645
4,25,103.7782381,481.4648834,0.16,0.415112953,0.060514047
4,25,104.2762305,489.3113926,0.16,0.417104922,0.061500254
4,25,104.7728794,491.4358711,0.16,0.419091518,0.061767274
4,25,105.2712501,501.1635493,0.16,0.421085001,0.06298992
4,25,105.7694285,503.5068255,0.16,0.423077714,0.06328444
4,25,106.2682738,511.3832041,0.16,0.425073095,0.064274401
4,25,106.7654686,517.4734982,0.16,0.427061875,0.065039874
4,25,107.2623045,521.6890224,0.16,0.429049218,0.065569712
4,25,107.7608283,531.7435059,0.16,0.431043313,0.066833434
4,25,108.2585069,533.2169077,0.16,0.433034028,0.067018622
4,25,108.7568513,542.355292,0.16,0.435027405,0.068167201
4,25,109.2540084,547.9244143,0.16,0.437016034,0.068867169
4,25,109.7528758,551.0161477,0.16,0.439011503,0.069255761
4,25,110.2509349,562.2084371,0.16,0.44100374,0.07066249
4,25,110.7481014,564.3656272,0.16,0.442992406,0.070933622
4,25,111.2471061,572.6412178,0.16,0.444988425,0.071973759
4,25,111.7440776,580.4544762,0.16,0.446976311,0.072955786
4,25,112.2425964,583.0351949,0.16,0.448970386,0.07328015
4,25,112.7409678,593.0771944,0.16,0.450963871,0.074542303
4,25,113.238625,596.9159582,0.16,0.4529545,0.075024787
4,25,113.737663,603.5719775,0.16,0.454950652,0.075861364
4,25,114.2341553,613.48279,0.16,0.456936621,0.077107028
4,25,114.7331959,616.0202172,0.16,0.458932784,0.07742595
4,25,115.2319601,624.5482558,0.16,0.460927841,0.078497817
4,25,115.7281871,631.6505027,0.16,0.462912749,0.07939048
4,25,116.2279089,635.3469801,0.16,0.464911636,0.07985508
4,30,2.300790985,-0.126949018,0.133333333,0.007669303,-1.32966E-05
4,30,2.78911251,0.785042655,0.133333333,0.009297042,8.22249E-05
4,30,3.285035779,1.209996766,0.133333333,0.010950119,0.000126734
4,30,3.774579588,2.175402648,0.133333333,0.012581932,0.00022785
4,30,4.28564927,1.199984376,0.133333333,0.014285498,0.000125686
4,30,4.815031054,-0.560213651,0.133333333,0.016050104,-5.86765E-05
4,30,5.318882224,-0.75379411,0.133333333,0.017729607,-7.8952E-05
4,30,5.815825246,-0.675072784,0.133333333,0.019386084,-7.07068E-05
4,30,6.304252105,0.206526978,0.133333333,0.021014174,2.16315E-05
4,30,6.809897235,0.228638261,0.133333333,0.022699657,2.39474E-05
4,30,7.28606566,0.976308254,0.133333333,0.024286886,0.000102258
4,30,7.770322453,1.839394862,0.133333333,0.025901075,0.000192657
4,30,8.26710542,2.794553419,0.133333333,0.027557018,0.0002927
4,30,8.74849587,4.022336678,0.133333333,0.029161653,0.000421297
4,30,9.266683091,2.305209123,0.133333333,0.030888944,0.000241446
4,30,9.78411155,1.283393098,0.133333333,0.032613705,0.000134422
4,30,10.29235502,0.19996768,0.133333333,0.03430785,2.09445E-05
4,30,10.78438329,0.87668961,0.133333333,0.035947944,9.1824E-05
4,30,11.28696636,0.774628505,0.133333333,0.037623221,8.11342E-05
4,30,11.78012694,1.240189152,0.133333333,0.03926709,0.000129897
4,30,12.25731911,3.097179883,0.133333333,0.04085773,0.000324397
4,30,12.75586302,3.734447159,0.133333333,0.042519543,0.000391144
4,30,13.24513474,5.592987426,0.133333333,0.044150449,0.000585806
4,30,13.74098665,5.432544204,0.133333333,0.045803289,0.000569002
4,30,14.26329655,3.507471003,0.133333333,0.047544322,0.000367371
4,30,14.77965615,1.843675423,0.133333333,0.049265521,0.000193106
4,30,15.27166896,2.002675401,0.133333333,0.050905563,0.000209759
4,30,15.76621469,2.039250701,0.133333333,0.052554049,0.00021359
4,30,16.25888403,2.819502406,0.133333333,0.05419628,0.000295313
4,30,16.74122249,4.848996722,0.133333333,0.055804075,0.000507881
4,30,17.22453468,6.656789469,0.133333333,0.057415116,0.000697229
4,30,17.71781258,8.040227995,0.133333333,0.059059375,0.000842129
4,30,18.22675234,7.213236372,0.133333333,0.060755841,0.00075551
4,30,18.73543565,5.076069088,0.133333333,0.062451452,0.000531665
4,30,19.25496489,3.577694174,0.133333333,0.064183216,0.000374726
4,30,19.74720875,3.98053957,0.133333333,0.065824029,0.00041692
4,30,20.24471294,4.328230626,0.133333333,0.067482376,0.000453337
4,30,20.73015979,6.313401285,0.133333333,0.069100533,0.000661262
4,30,21.20729914,9.446728895,0.133333333,0.070690997,0.000989445
4,30,21.70081559,10.73928319,0.133333333,0.072336052,0.001124827
4,30,22.20656253,9.813215599,0.133333333,0.074021875,0.001027831
4,30,22.71772894,7.54090562,0.133333333,0.075725763,0.00078983
4,30,23.22628959,6.199775598,0.133333333,0.077420965,0.000649361
4,30,23.72549596,6.436590751,0.133333333,0.079084987,0.000674165
4,30,24.22045945,7.423409997,0.133333333,0.080734865,0.000777524
4,30,24.70213633,10.71022159,0.133333333,0.082340454,0.001121783
4,30,25.18515445,14.17895213,0.133333333,0.083950515,0.001485096
4,30,25.68903111,12.95692528,0.133333333,0.085630104,0.001357101
4,30,26.1958011,11.40170195,0.133333333,0.087319337,0.001194208
4,30,26.70330614,9.977323084,0.133333333,0.08901102,0.001045019
4,30,27.21113389,9.176299598,0.133333333,0.09070378,0.000961121
4,30,27.70534059,9.894345623,0.133333333,0.092351135,0.001036328
4,30,28.18375203,14.37605325,0.133333333,0.09394584,0.00150574
4,30,28.66353649,17.79758687,0.133333333,0.095545122,0.00186411
4,30,29.16444223,17.45902256,0.133333333,0.097214807,0.001828649
4,30,29.68446318,13.97766708,0.133333333,0.098948211,0.001464013
4,30,30.18417159,12.6033742,0.133333333,0.100613905,0.001320071
4,30,30.68753515,12.88492556,0.133333333,0.102291784,0.00134956
4,30,31.17739144,15.62408721,0.133333333,0.103924638,0.001636458
4,30,31.65119706,21.14465747,0.133333333,0.10550399,0.00221468
4,30,32.14677574,21.79799447,0.133333333,0.107155919,0.00228311
4,30,32.65760625,18.82200956,0.133333333,0.108858688,0.001971407
4,30,33.164729,17.03315544,0.133333333,0.110549097,0.001784044
4,30,33.66559371,16.61262233,0.133333333,0.112218646,0.001739997
4,30,34.1558541,19.44038968,0.133333333,0.113852847,0.002036176
4,30,34.63905476,25.44777573,0.133333333,0.115463516,0.002665386
4,30,35.13608643,26.29606639,0.133333333,0.117120288,0.002754236
4,30,35.64446325,22.97847057,0.133333333,0.118814878,0.002406753
4,30,36.15025449,20.83369294,0.133333333,0.120500848,0.00218211
4,30,36.64774425,21.57179035,0.133333333,0.122159148,0.002259418
4,30,37.13386079,25.89723551,0.133333333,0.123779536,0.002712462
4,30,37.61723403,31.37901509,0.133333333,0.12539078,0.003286621
4,30,38.12071553,30.02240024,0.133333333,0.127069052,0.00314453
4,30,38.63242224,25.82378789,0.133333333,0.128774741,0.00270477
4,30,39.13514815,25.85682833,0.133333333,0.130450494,0.00270823
4,30,39.62655859,28.15288804,0.133333333,0.132088529,0.002948718
4,30,40.11033081,35.55612687,0.133333333,0.133701103,0.00372413
4,30,40.6042401,36.57266432,0.133333333,0.135347467,0.003830601
4,30,41.11399935,32.14223277,0.133333333,0.137046665,0.00336656
4,30,41.61802624,30.16518711,0.133333333,0.138726754,0.003159485
4,30,42.11114043,32.95926677,0.133333333,0.140370468,0.003452136
4,30,42.5961961,39.93329747,0.133333333,0.14198732,0.004182592
4,30,43.09174998,42.41730382,0.133333333,0.143639167,0.004442766
4,30,43.60292218,37.13399011,0.133333333,0.145343074,0.003889394
4,30,44.10333403,35.33541816,0.133333333,0.147011113,0.003701013
4,30,44.59496921,39.74786192,0.133333333,0.148649897,0.00416317
4,30,45.08064804,46.66678812,0.133333333,0.150268827,0.004887854
4,30,45.57884264,47.43491123,0.133333333,0.151929475,0.004968307
4,30,46.08913619,41.87714313,0.133333333,0.153630454,0.004386189
4,30,46.58906915,41.80534109,0.133333333,0.155296897,0.004378669
4,30,47.07895404,47.64331291,0.133333333,0.156929847,0.004990135
4,30,47.56627673,55.16189803,0.133333333,0.158554256,0.005777627
4,30,48.07351984,50.44268645,0.133333333,0.160245066,0.00528334
4,30,48.58053387,47.01030028,0.133333333,0.161935113,0.004923833
4,30,49.07357323,50.53689643,0.133333333,0.163578577,0.005293207
4,30,49.56293151,57.97908629,0.133333333,0.165209772,0.006072698
4,30,50.05675513,60.91583375,0.133333333,0.16685585,0.006380292
4,30,50.56824849,52.82844366,0.133333333,0.168560828,0.005533223
4,30,51.06584207,54.42429999,0.133333333,0.170219474,0.005700372
4,30,51.55608046,62.96175176,0.133333333,0.171853602,0.00659458
4,30,52.04683886,67.68408909,0.133333333,0.173489463,0.007089195
4,30,52.55519121,61.14674705,0.133333333,0.175183971,0.006404477
4,30,53.06162976,60.10328743,0.133333333,0.176872099,0.006295186
4,30,53.55105131,67.87933944,0.133333333,0.178503504,0.007109645
4,30,54.04170343,73.98804154,0.133333333,0.180139011,0.007749468
4,30,54.54425584,69.5667782,0.133333333,0.181814186,0.007286387
4,30,55.05438715,65.93451403,0.133333333,0.183514624,0.006905945
4,30,55.54240891,74.54429445,0.133333333,0.185141363,0.007807729
4,30,56.02968023,80.73569521,0.133333333,0.186765601,0.008456213
4,30,56.53479756,77.06903864,0.133333333,0.188449325,0.00807217
4,30,57.0381938,72.14518126,0.133333333,0.190127313,0.007556447
4,30,57.527024,82.44696734,0.133333333,0.191756747,0.008635451
4,30,58.02064941,88.30736749,0.133333333,0.193402165,0.009249266
4,30,58.52566456,83.26287357,0.133333333,0.195085549,0.008720908
4,30,59.02755188,79.93568275,0.133333333,0.196758506,0.00837242
4,30,59.51398819,91.86294049,0.133333333,0.198379961,0.009621675
4,30,60.01116818,95.39748582,0.133333333,0.200037227,0.009991881
4,30,60.51619769,88.95881911,0.133333333,0.201720659,0.009317499
4,30,61.01735586,89.42623894,0.133333333,0.203391186,0.009366456
4,30,61.50266621,102.3093484,0.133333333,0.205008887,0.010715826
4,30,62.00464056,100.7018186,0.133333333,0.206682135,0.010547454
4,30,62.50930129,95.68950997,0.133333333,0.208364338,0.010022468
4,30,63.00401451,101.5613524,0.133333333,0.210013382,0.010637481
4,30,63.49415595,111.6214971,0.133333333,0.211647187,0.011691175
4,30,64.00132384,105.1373747,0.133333333,0.213337746,0.011012032
4,30,64.50065771,104.1379683,0.133333333,0.215002192,0.010907355
4,30,64.99150179,116.2867491,0.133333333,0.216638339,0.012179811
4,30,65.49070264,117.2751704,0.133333333,0.218302342,0.012283338
4,30,65.99384901,110.6529045,0.133333333,0.219979497,0.011589726
4,30,66.48945726,116.7836287,0.133333333,0.221631524,0.012231854
4,30,66.98012483,128.4122483,0.133333333,0.223267083,0.01344983
4,30,67.48571106,119.9643151,0.133333333,0.22495237,0.012564998
4,30,67.9847887,120.9041903,0.133333333,0.226615962,0.01266344
4,30,68.47498151,133.9990065,0.133333333,0.228249938,0.014034984
4,30,68.9767133,131.4915269,0.133333333,0.229922378,0.013772352
4,30,69.4800728,126.7194368,0.133333333,0.231600243,0.013272525
4,30,69.97244068,137.9155385,0.133333333,0.233241469,0.014445199
4,30,70.4683384,143.8419275,0.133333333,0.234894461,0.015065926
4,30,70.97460233,134.2474971,0.133333333,0.236582008,0.01406101
4,30,71.47059485,142.2796215,0.133333333,0.238235316,0.014902291
4,30,71.96166249,152.3762968,0.133333333,0.239872208,0.015959811
4,30,72.46677209,143.357425,0.133333333,0.241555907,0.015015179
4,30,72.96462421,148.4697173,0.133333333,0.243215414,0.015550638
4,30,73.45829863,159.9300286,0.133333333,0.244860995,0.016750985
4,30,73.96007038,154.759967,0.133333333,0.246533568,0.016209475
4,30,74.46172426,154.3402086,0.133333333,0.248205748,0.01616551
4,30,74.95805974,167.7582699,0.133333333,0.249860199,0.017570911
4,30,75.45646187,164.8179786,0.133333333,0.25152154,0.017262946
4,30,75.95708068,161.2430768,0.133333333,0.253190269,0.016888513
4,30,76.44800614,175.8986398,0.133333333,0.254826687,0.018423529
4,30,76.94805924,173.9099618,0.133333333,0.256493531,0.018215236
4,30,77.45051221,168.78354,0.133333333,0.258168374,0.017678297
4,30,77.94354319,184.4117669,0.133333333,0.259811811,0.019315189
4,30,78.4424901,182.6861441,0.133333333,0.261474967,0.019134448
4,30,78.94458151,177.960469,0.133333333,0.263148605,0.018639484
4,30,79.43714084,193.1207881,0.133333333,0.264790469,0.020227367
4,30,79.9377349,191.485655,0.133333333,0.266459116,0.020056104
4,30,80.44007221,187.377835,0.133333333,0.268133574,0.019625853
4,30,80.93334538,202.247847,0.133333333,0.269777818,0.02118333
4,30,81.43313316,199.2414979,0.133333333,0.271443777,0.020868447
4,30,81.93450856,196.9252451,0.133333333,0.273115029,0.020625844
4,30,82.4276969,211.839866,0.133333333,0.27475899,0.022187993
4,30,82.92871044,207.4152856,0.133333333,0.276429035,0.021724565
4,30,83.42842781,206.7609889,0.133333333,0.278094759,0.021656034
4,30,83.92256781,221.7238555,0.133333333,0.279741893,0.023223237
4,30,84.42404969,215.0642452,0.133333333,0.281413499,0.022525713
4,30,84.92311109,217.4840172,0.133333333,0.283077037,0.022779159
4,30,85.41661185,231.5577479,0.133333333,0.28472204,0.024253234
4,30,85.91941251,222.3480527,0.133333333,0.286398042,0.023288615
4,30,86.41742653,229.4437718,0.133333333,0.288058088,0.024031817
4,30,86.9110714,240.2426647,0.133333333,0.289703571,0.025162887
4,30,87.41592255,230.4105333,0.133333333,0.291386409,0.024133075
4,30,87.9120625,242.1470514,0.133333333,0.293040208,0.025362352
4,30,88.40680026,248.0543999,0.133333333,0.294689334,0.025981084
4,30,88.91055274,239.5426098,0.133333333,0.296368509,0.025089564
4,30,89.4051066,254.6341319,0.133333333,0.298017022,0.026670242
4,30,89.90263755,254.7480615,0.133333333,0.299675459,0.026682175
4,30,90.40555356,250.7560369,0.133333333,0.301351845,0.026264052
4,30,90.89854458,266.3355227,0.133333333,0.302995149,0.027895839
4,30,91.39875609,260.7399954,0.133333333,0.30466252,0.027309766
4,30,91.89869893,264.588941,0.133333333,0.306328996,0.027712903
4,30,92.39329756,275.6364886,0.133333333,0.307977659,0.028870017
4,30,92.89482459,267.7820064,0.133333333,0.309649415,0.028047343
4,30,93.38950016,279.8460847,0.133333333,0.311298334,0.029310928
4,30,93.88840311,282.6708486,0.133333333,0.312961344,0.029606792
4,30,94.38899813,277.774505,0.133333333,0.314629994,0.029093952
4,30,94.8826156,294.2841547,0.133333333,0.316275385,0.030823164
4,30,95.38355186,288.3278165,0.133333333,0.317945173,0.0301993
4,30,95.88249655,292.1422717,0.133333333,0.319608322,0.030598824
4,30,96.37400295,304.5447026,0.133333333,0.321246677,0.031897848
4,30,96.87743761,295.5042265,0.133333333,0.322924792,0.030950953
4,30,97.37287653,310.3320798,0.133333333,0.324576255,0.032504015
4,30,97.87005045,308.7373684,0.133333333,0.326233502,0.032336985
4,30,98.37021891,309.2373651,0.133333333,0.32790073,0.032389355
4,30,98.86205286,323.6885377,0.133333333,0.329540176,0.033902963
4,30,99.36604648,314.5359453,0.133333333,0.331220155,0.032944325
4,30,99.85950419,327.2387064,0.133333333,0.332865014,0.034274806
4,30,100.3569741,329.8269035,0.133333333,0.334523247,0.034545892
4,30,100.8590206,327.5855217,0.133333333,0.336196735,0.034311131
4,30,101.3504723,342.570598,0.133333333,0.337834908,0.03588066
4,30,101.8520883,334.709185,0.133333333,0.339506961,0.035057259
4,30,102.345849,347.0528224,0.133333333,0.34115283,0.036350125
4,30,102.8434781,350.4959919,0.133333333,0.342811594,0.036710761
4,30,103.3459058,347.1596343,0.133333333,0.344486353,0.036361313
4,30,103.8375125,362.9593603,0.133333333,0.346125042,0.038016168
4,30,104.3401015,353.9857871,0.133333333,0.347800338,0.03707628
4,30,104.8337835,369.5061276,0.133333333,0.349445945,0.038701872
4,30,105.3326357,368.4310068,0.133333333,0.351108786,0.038589265
4,30,105.8307744,370.9061319,0.133333333,0.352769248,0.038848508
4,30,106.3261026,382.7583171,0.133333333,0.354420342,0.0400899
4,30,106.8270445,375.565241,0.133333333,0.356090148,0.039336501
4,30,107.319964,393.1515866,0.133333333,0.357733213,0.041178485
4,30,107.8216193,386.0948237,0.133333333,0.359405398,0.040439364
4,30,108.3171361,396.6989159,0.133333333,0.36105712,0.04155003
4,30,108.8151211,401.6140294,0.133333333,0.36271707,0.042064837
4,30,109.3142174,399.9808288,0.133333333,0.364380725,0.041893776
4,30,109.8084949,415.2091222,0.133333333,0.366028316,0.043488779
4,30,110.3112815,406.670165,0.133333333,0.367704272,0.042594414
4,30,110.8040609,424.4834464,0.133333333,0.36934687,0.044460167
4,30,111.3052234,418.2212458,0.133333333,0.371017411,0.043804268
4,30,111.8008631,429.315666,0.133333333,0.372669544,0.044966291
4,30,112.2988495,432.8997667,0.133333333,0.374329498,0.045341688
4,30,112.7978331,433.9320452,0.133333333,0.375992777,0.045449808
4,30,113.293494,447.6203916,0.133333333,0.37764498,0.046883518
4,30,113.7940888,439.3137063,0.133333333,0.379313629,0.046013481
4,30,114.2885413,458.3741102,0.133333333,0.380961804,0.048009857
4,30,114.789818,449.3375647,0.133333333,0.382632727,0.047063374
4,30,115.2847878,466.7331149,0.133333333,0.384282626,0.048885375
4,30,115.7854741,463.842185,0.133333333,0.38595158,0.04858258
4,30,116.2819518,471.9181834,0.133333333,0.387606506,0.049428456
4,30,116.7801209,477.319396,0.133333333,0.38926707,0.049994176
4,30,117.2791856,477.6591865,0.133333333,0.390930619,0.050029766
4,30,117.7751536,491.2976746,0.133333333,0.392583845,0.051458253
4,30,118.2747889,485.279924,0.133333333,0.394249296,0.050827957
4,30,118.7706758,503.4911028,0.133333333,0.395902253,0.052735387
4,30,119.2717631,494.7580694,0.133333333,0.397572544,0.051820693
4,30,119.7668451,514.3067091,0.133333333,0.399222817,0.053868207
4,30,120.2674193,506.1222503,0.133333333,0.400891398,0.053010971
4,30,120.7633219,522.1433391,0.133333333,0.402544406,0.054689012
4,30,121.264173,519.6363688,0.133333333,0.40421391,0.054426433
4,30,121.7602974,530.8147677,0.133333333,0.405867658,0.055597252
4,30,122.260686,532.1629635,0.133333333,0.40753562,0.055738462
4,30,122.7560188,538.9203126,0.133333333,0.409186729,0.056446223
4,30,123.256167,546.6331292,0.133333333,0.41085389,0.057254059
4,30,123.7541938,547.0235557,0.133333333,0.412513979,0.057294952
4,30,124.251363,559.5289851,0.133333333,0.41417121,0.058604764
4,30,124.7497356,556.5055404,0.133333333,0.415832452,0.05828809
4,30,125.2469819,571.8542838,0.133333333,0.41748994,0.059895709
4,30,125.7471699,565.80118,0.133333333,0.419157233,0.05926171
4,30,126.2432874,584.5239894,0.133333333,0.420810958,0.061222727
4,30,126.743686,576.4692803,0.133333333,0.422478953,0.060379081
4,30,127.2395745,596.1110213,0.133333333,0.424131915,0.062436347
4,30,127.7408741,588.255099,0.133333333,0.425802914,0.061613522
4,30,128.2356184,607.5573007,0.133333333,0.427452061,0.063635224
4,30,128.737314,599.2416284,0.133333333,0.42912438,0.062764245
4,30,129.2323893,620.1629926,0.133333333,0.430774631,0.064955537
4,30,129.7339531,610.8086286,0.133333333,0.43244651,0.063975766
4,30,130.2289336,631.0040207,0.133333333,0.434096445,0.066091021
4,35,2.318213873,-1.169839559,0.114285714,0.006623468,-0.000105024
4,35,2.821642503,-1.493109688,0.114285714,0.008061836,-0.000134046
4,35,3.315601089,-0.979143349,0.114285714,0.009473146,-8.79042E-05
4,35,3.801692321,-0.22911372,0.114285714,0.010861978,-2.05691E-05
4,35,4.302574195,0.312700981,0.114285714,0.012293069,2.80733E-05
4,35,4.798925934,0.101606023,0.114285714,0.013711217,9.12185E-06
4,35,5.291145408,0.520929235,0.114285714,0.015117558,4.67673E-05
4,35,5.793809665,0.783155321,0.114285714,0.016553742,7.03091E-05
4,35,6.28868262,0.781133555,0.114285714,0.017967665,7.01276E-05
4,35,6.784093774,0.87822492,0.114285714,0.019383125,7.88441E-05
4,35,7.287899979,0.94132114,0.114285714,0.020822571,8.45087E-05
4,35,7.778009454,1.354942967,0.114285714,0.022222884,0.000121642
4,35,8.273579413,1.968270515,0.114285714,0.023638798,0.000176705
4,35,8.775427191,1.654390503,0.114285714,0.025072649,0.000148526
4,35,9.28340015,1.048340642,0.114285714,0.026524,9.41165E-05
4,35,9.799302763,0.083241458,0.114285714,0.027998008,7.47314E-06
4,35,10.29865981,-0.052943125,0.114285714,0.029424742,-4.75306E-06
4,35,10.79920914,0.09173761,0.114285714,0.030854883,8.2359E-06
4,35,11.30215989,0.427289701,0.114285714,0.032291885,3.83607E-05
4,35,11.78485195,1.302321556,0.114285714,0.033671006,0.000116918
4,35,12.28048885,1.415505966,0.114285714,0.035087111,0.000127079
4,35,12.77289353,1.768099832,0.114285714,0.036493982,0.000158734
4,35,13.26730861,2.354202133,0.114285714,0.037906596,0.000211352
4,35,13.76455699,2.377327539,0.114285714,0.039327306,0.000213429
4,35,14.26569044,2.487279422,0.114285714,0.040759116,0.0002233
4,35,14.75556573,3.864742798,0.114285714,0.042158759,0.000346964
4,35,15.25471455,3.453963215,0.114285714,0.043584899,0.000310085
4,35,15.76009104,3.251295778,0.114285714,0.045028832,0.000291891
4,35,16.26555266,2.669838857,0.114285714,0.046473008,0.000239689
4,35,16.7797635,1.630684809,0.114285714,0.047942181,0.000146397
4,35,17.28118885,1.238588447,0.114285714,0.049374825,0.000111196
4,35,17.77370121,1.845267751,0.114285714,0.050782003,0.000165662
4,35,18.27143853,2.407435239,0.114285714,0.05220411,0.000216132
4,35,18.75623328,3.343051938,0.114285714,0.053589238,0.000300128
4,35,19.24649929,4.187745558,0.114285714,0.054989998,0.000375962
4,35,19.74648859,3.86621646,0.114285714,0.056418539,0.000347096
4,35,20.23224765,5.893692007,0.114285714,0.057806422,0.000529116
4,35,20.72923046,6.219487512,0.114285714,0.059226373,0.000558365
4,35,21.23502573,5.451375738,0.114285714,0.060671502,0.000489406
4,35,21.73034709,6.062534602,0.114285714,0.062086706,0.000544274
4,35,22.23982428,4.737677387,0.114285714,0.063542355,0.000425333
4,35,22.75087758,4.27136308,0.114285714,0.065002507,0.000383469
4,35,23.25657376,3.347348672,0.114285714,0.066447354,0.000300514
4,35,23.75180735,4.38410968,0.114285714,0.067862307,0.000393591
4,35,24.23579583,5.243709653,0.114285714,0.069245131,0.000470763
4,35,24.72547234,6.678432614,0.114285714,0.070644207,0.000599568
4,35,25.22585824,7.401628244,0.114285714,0.072073881,0.000664494
4,35,25.70560934,9.736426869,0.114285714,0.073444598,0.000874104
4,35,26.21192433,8.646923668,0.114285714,0.074891212,0.000776292
4,35,26.70521258,9.436277773,0.114285714,0.076300607,0.000847158
4,35,27.21842811,7.64164777,0.114285714,0.077766937,0.000686042
4,35,27.71643609,7.503554923,0.114285714,0.079189817,0.000673644
4,35,28.2345433,6.344683273,0.114285714,0.080670124,0.000569605
4,35,28.71813596,7.52149371,0.114285714,0.082051817,0.000675255
4,35,29.20688736,9.027146941,0.114285714,0.08344825,0.000810427
4,35,29.69872641,10.38183473,0.114285714,0.084853504,0.000932047
4,35,30.18839605,12.31158025,0.114285714,0.08625256,0.001105293
4,35,30.68743071,12.81869125,0.114285714,0.087678373,0.00115082
4,35,31.18441046,13.15341537,0.114285714,0.089098316,0.00118087
4,35,31.69453641,11.80813991,0.114285714,0.090555818,0.001060096
4,35,32.19356348,11.54300029,0.114285714,0.09198161,0.001036292
4,35,32.70291009,10.20952192,0.114285714,0.093436886,0.000916577
4,35,33.20002216,10.75156135,0.114285714,0.094857206,0.000965239
4,35,33.68364033,13.84618109,0.114285714,0.096238972,0.001243064
4,35,34.17561853,14.82231892,0.114285714,0.097644624,0.001330699
4,35,34.66353744,17.87262457,0.114285714,0.099038678,0.001604545
4,35,35.16504241,17.1051639,0.114285714,0.10047155,0.001535645
4,35,35.6695673,16.74396876,0.114285714,0.101913049,0.001503218
4,35,36.1739731,15.28834083,0.114285714,0.103354209,0.001372536
4,35,36.67452388,15.53233612,0.114285714,0.104784354,0.001394442
4,35,37.17657959,14.88586348,0.114285714,0.106218799,0.001336403
4,35,37.66297316,17.79697615,0.114285714,0.107608495,0.001597753
4,35,38.15356661,20.45018353,0.114285714,0.10901019,0.00183595
4,35,38.6470975,22.6860676,0.114285714,0.110420279,0.00203668
4,35,39.15268911,21.78800078,0.114285714,0.111864826,0.001956054
4,35,39.64796191,21.5488729,0.114285714,0.113279891,0.001934586
4,35,40.15403256,19.86999498,0.114285714,0.114725807,0.001783862
4,35,40.65343193,20.2146131,0.114285714,0.116152663,0.001814801
4,35,41.15461758,20.4719819,0.114285714,0.117584622,0.001837907
4,35,41.63199514,25.98547898,0.114285714,0.118948558,0.00233289
4,35,42.12813458,27.72092564,0.114285714,0.120366099,0.002488693
4,35,42.62815918,27.22987357,0.114285714,0.121794741,0.002444608
4,35,43.1294618,26.79751589,0.114285714,0.123227034,0.002405792
4,35,43.63668906,24.92174835,0.114285714,0.124676254,0.002237392
4,35,44.13317051,26.10143084,0.114285714,0.126094773,0.0023433
4,35,44.63447211,26.26064048,0.114285714,0.127527063,0.002357593
4,35,45.11728385,32.23888527,0.114285714,0.128906525,0.0028943
4,35,45.61110915,33.9465657,0.114285714,0.130317455,0.00304761
4,35,46.11539879,32.37132196,0.114285714,0.131758282,0.00290619
4,35,46.61839431,32.1053546,0.114285714,0.133195412,0.002882312
4,35,47.12096886,30.45056759,0.114285714,0.13463134,0.002733751
4,35,47.61491374,32.83557113,0.114285714,0.136042611,0.002947869
4,35,48.10864404,34.69207765,0.114285714,0.137453269,0.00311454
4,35,48.59692956,40.23006373,0.114285714,0.13884837,0.003611722
4,35,49.09765654,40.2367791,0.114285714,0.140279019,0.003612324
4,35,49.60105131,37.48367775,0.114285714,0.141717289,0.00336516
4,35,50.10330833,37.36477673,0.114285714,0.14315231,0.003354486
4,35,50.60107372,37.81550371,0.114285714,0.144574496,0.00339495
4,35,51.09203784,41.38104677,0.114285714,0.145977251,0.003715053
4,35,51.57977004,47.17873129,0.114285714,0.147370772,0.00423555
4,35,52.08119558,46.29839702,0.114285714,0.148803416,0.004156516
4,35,52.5872491,43.27962884,0.114285714,0.150249283,0.003885501
4,35,53.08565188,44.26310531,0.114285714,0.151673291,0.003973795
4,35,53.58362215,45.01582967,0.114285714,0.153096063,0.004041372
4,35,54.07473604,49.78882435,0.114285714,0.154499246,0.004469875
4,35,54.56597321,54.58094384,0.114285714,0.155902781,0.004900096
4,35,55.0707791,52.46517513,0.114285714,0.157345083,0.004710149
4,35,55.57348414,49.63711306,0.114285714,0.158781383,0.004456255
4,35,56.07031694,51.90819339,0.114285714,0.160200906,0.004660145
4,35,56.56622105,53.89951556,0.114285714,0.161617774,0.00483892
4,35,57.05749125,59.37321963,0.114285714,0.163021404,0.005330331
4,35,57.55653315,61.5462615,0.114285714,0.164447238,0.005525419
4,35,58.05914316,58.24534733,0.114285714,0.165883266,0.005229074
4,35,58.56161374,57.11908889,0.114285714,0.167318896,0.005127962
4,35,59.05581833,60.87126747,0.114285714,0.16873091,0.00546482
4,35,59.54584658,66.41436752,0.114285714,0.17013099,0.005962461
4,35,60.04433116,68.56866118,0.114285714,0.171555232,0.006155867
4,35,60.54663398,65.54995882,0.114285714,0.172990383,0.005884858
4,35,61.0496181,64.47234321,0.114285714,0.17442748,0.005788113
4,35,61.54746611,68.12109437,0.114285714,0.175849903,0.006115686
4,35,62.03916456,72.9457488,0.114285714,0.177254756,0.006548827
4,35,62.5331771,76.41771702,0.114285714,0.17866622,0.006860529
4,35,63.03456994,74.19662543,0.114285714,0.180098771,0.006661127
4,35,63.53819205,72.31772308,0.114285714,0.181537692,0.006492445
4,35,64.03275644,76.03986757,0.114285714,0.182950733,0.006826607
4,35,64.52653454,81.63961719,0.114285714,0.184361527,0.007329334
4,35,65.02152773,84.48540075,0.114285714,0.185775794,0.007584819
4,35,65.52706759,81.75648514,0.114285714,0.187220193,0.007339826
4,35,66.0267537,80.35495546,0.114285714,0.188647868,0.007214001
4,35,66.52092685,85.7271884,0.114285714,0.190059791,0.007696302
4,35,67.0140401,91.37047516,0.114285714,0.191468686,0.008202938
4,35,67.51282596,91.96451296,0.114285714,0.192893788,0.008256269
4,35,68.01645234,89.00703149,0.114285714,0.194332721,0.007990756
4,35,68.51659346,90.01184008,0.114285714,0.195761696,0.008080964
4,35,69.0081111,97.0677209,0.114285714,0.197166032,0.008714418
4,35,69.50455705,100.7525307,0.114285714,0.198584449,0.009045228
4,35,70.00631329,98.84916166,0.114285714,0.200018038,0.00887435
4,35,70.50888553,96.77654761,0.114285714,0.201453959,0.008688277
4,35,71.00319933,102.1422654,0.114285714,0.202866284,0.009169994
4,35,71.4975604,108.9050725,0.114285714,0.204278744,0.009777136
4,35,71.99619574,109.2126215,0.114285714,0.205703416,0.009804747
4,35,72.49969105,105.1509967,0.114285714,0.207141974,0.009440107
4,35,72.9975041,107.6069655,0.114285714,0.208564297,0.009660596
4,35,73.49004424,116.0694122,0.114285714,0.209971555,0.010420327
4,35,73.98825222,118.6403967,0.114285714,0.211395006,0.010651141
4,35,74.49033906,115.9667743,0.114285714,0.21282954,0.010411112
4,35,74.99119474,115.0812433,0.114285714,0.214260556,0.010331612
4,35,75.48823249,122.4917778,0.114285714,0.215680664,0.010996905
4,35,75.98221933,127.9068291,0.114285714,0.217092055,0.011483051
4,35,76.48410916,124.7483935,0.114285714,0.218526026,0.011199497
4,35,76.98590565,123.4121162,0.114285714,0.21995973,0.01107953
4,35,77.4786196,130.4759712,0.114285714,0.221367485,0.0117137
4,35,77.97098379,137.4322114,0.114285714,0.222774239,0.012338208
4,35,78.47444979,134.4848839,0.114285714,0.224212714,0.012073606
4,35,78.97576975,133.1785368,0.114285714,0.225645056,0.011956327
4,35,79.47108805,138.826473,0.114285714,0.227060252,0.01246338
4,35,79.96736493,146.6027726,0.114285714,0.228478186,0.01316151
4,35,80.46695675,143.6995658,0.114285714,0.229905591,0.01290087
4,35,80.97016015,142.1149709,0.114285714,0.231343315,0.01275861
4,35,81.4654863,148.526328,0.114285714,0.232758532,0.013334201
4,35,81.95853436,156.1878315,0.114285714,0.234167241,0.014022025
4,35,82.46127976,152.7163455,0.114285714,0.235603656,0.013710367
4,35,82.96100509,152.0469857,0.114285714,0.237031443,0.013650274
4,35,83.45775421,158.3074463,0.114285714,0.238450726,0.014212317
4,35,83.95215046,166.2156551,0.114285714,0.239863287,0.01492229
4,35,84.45558179,162.0084273,0.114285714,0.241301662,0.014544579
4,35,84.95511358,162.084939,0.114285714,0.242728896,0.014551448
4,35,85.44987973,170.0562126,0.114285714,0.244142514,0.015267082
4,35,85.94648602,175.5574669,0.114285714,0.245561389,0.015760967
4,35,86.45042563,170.7682072,0.114285714,0.247001216,0.015331003
4,35,86.94892118,173.4034031,0.114285714,0.248425489,0.015567582
4,35,87.44359053,181.961357,0.114285714,0.24983883,0.016335887
4,35,87.94225009,184.841262,0.114285714,0.251263572,0.016594435
4,35,88.44320588,179.8310267,0.114285714,0.252694874,0.016144633
4,35,88.94091386,185.7237772,0.114285714,0.254116897,0.016673664
4,35,89.43511641,193.707284,0.114285714,0.255528904,0.017390397
4,35,89.93600073,193.1481812,0.114285714,0.256960002,0.017340203
4,35,90.43750583,190.3961864,0.114285714,0.258392874,0.017093138
4,35,90.9352547,198.8717978,0.114285714,0.259815013,0.01785405
4,35,91.4303151,204.4501266,0.114285714,0.261229472,0.018354854
4,35,91.93233853,201.2847927,0.114285714,0.262663824,0.018070681
4,35,92.43259558,202.5564335,0.114285714,0.26409313,0.018184844
4,35,92.9245732,213.0153701,0.114285714,0.265498781,0.019123813
4,35,93.42437286,213.533247,0.114285714,0.26692678,0.019170306
4,35,93.9267302,210.1807318,0.114285714,0.268362086,0.018869328
4,35,94.42369964,217.6378262,0.114285714,0.269781999,0.019538802
4,35,94.91755946,224.7949954,0.114285714,0.271193027,0.020181348
4,35,95.42163672,221.4619598,0.114285714,0.272633248,0.01988212
4,35,95.92091276,222.0536106,0.114285714,0.274059751,0.019935236
4,35,96.41612679,232.7594233,0.114285714,0.275474648,0.020896368
4,35,96.91487836,233.765789,0.114285714,0.276899652,0.020986717
4,35,97.41721311,230.8055729,0.114285714,0.278334895,0.020720958
4,35,97.91315381,237.405318,0.114285714,0.279751868,0.021313461
4,35,98.40660028,244.8835266,0.114285714,0.281161715,0.02198483
4,35,98.91100684,241.3493763,0.114285714,0.282602877,0.021667546
4,35,99.41377198,243.3245387,0.114285714,0.284039349,0.021844869
4,35,99.90263239,254.1135576,0.114285714,0.285436093,0.022813472
4,35,100.4006799,253.5608932,0.114285714,0.286859085,0.022763855
4,35,100.905441,251.2452232,0.114285714,0.28830126,0.022555962
4,35,101.3997378,260.3511203,0.114285714,0.289713536,0.023373459
4,35,101.894011,265.6581663,0.114285714,0.291125746,0.023849908
4,35,102.4001093,260.9647235,0.114285714,0.292571741,0.023428547
4,35,102.8962011,267.0270583,0.114285714,0.293989146,0.023972803
4,35,103.38925,275.7497002,0.114285714,0.295397857,0.024755893
4,35,103.8923448,272.0413914,0.114285714,0.296835271,0.024422973
4,35,104.3932445,274.2419096,0.114285714,0.298266413,0.024620528
4,35,104.8852298,284.6179449,0.114285714,0.299672085,0.025552054
4,35,105.3843403,284.8053369,0.114285714,0.301098115,0.025568878
4,35,105.8872029,282.7788069,0.114285714,0.302534865,0.025386943
4,35,106.3813596,292.542051,0.114285714,0.303946742,0.026263454
4,35,106.87513,296.3578104,0.114285714,0.305357514,0.02660602
4,35,107.3816649,291.5968767,0.114285714,0.306804757,0.0261786
4,35,107.8747261,301.2630248,0.114285714,0.308213503,0.027046394
4,35,108.369047,307.4912585,0.114285714,0.309625849,0.027605544
4,35,108.8715285,303.13305,0.114285714,0.31106151,0.027214279
4,35,109.3702004,309.5732071,0.114285714,0.312486287,0.027792455
4,35,109.8607818,318.1481335,0.114285714,0.313887948,0.028562283
4,35,110.3650703,314.6260942,0.114285714,0.315328772,0.028246086
4,35,110.8632613,318.2105958,0.114285714,0.316752175,0.028567891
4,35,111.3540764,329.5874059,0.114285714,0.318154504,0.029589263
4,35,111.8561406,325.1867404,0.114285714,0.319588973,0.029194186
4,35,112.3577905,328.4290124,0.114285714,0.321022259,0.029485267
4,35,112.849265,339.7995669,0.114285714,0.322426471,0.030506077
4,35,113.3492221,337.1806166,0.114285714,0.32385492,0.030270956
4,35,113.8496206,338.9168727,0.114285714,0.32528463,0.030426832
4,35,114.3405591,351.3386079,0.114285714,0.326687312,0.031542014
4,35,114.8412045,347.8980362,0.114285714,0.328117727,0.031233131
4,35,115.3416378,350.3618995,0.114285714,0.329547536,0.031454328
4,35,115.8349725,362.051014,0.114285714,0.330957064,0.032503738
4,35,116.3339405,360.3444468,0.114285714,0.332382687,0.032350528
4,35,116.835116,361.173882,0.114285714,0.333814617,0.032424992
4,35,117.3272591,373.6492596,0.114285714,0.33522074,0.03354499
4,35,117.826753,371.3403423,0.114285714,0.336647866,0.033337703
4,35,118.3278544,373.6601045,0.114285714,0.338079584,0.033545964
4,35,118.821319,385.7530298,0.114285714,0.339489483,0.034631627
4,35,119.3206505,382.1772506,0.114285714,0.340916144,0.034310605
4,35,119.8216393,386.2507331,0.114285714,0.342347541,0.034676309
4,35,120.3135395,397.7227291,0.114285714,0.34375297,0.035706226
4,35,120.8151496,393.9553193,0.114285714,0.345186142,0.035368001
4,35,121.3149135,398.8197727,0.114285714,0.346614039,0.035804715
4,35,121.8073468,410.369294,0.114285714,0.348020991,0.036841593
4,35,122.3090971,405.3775974,0.114285714,0.349454563,0.036393455
4,35,122.8082005,413.1644585,0.114285714,0.350880573,0.037092534
4,35,123.3016779,421.9878924,0.114285714,0.352290508,0.037884672
4,35,123.8032211,417.3582861,0.114285714,0.353723489,0.037469042
4,35,124.3005409,428.1562439,0.114285714,0.355144403,0.038438446
4,35,124.7952346,432.8510541,0.114285714,0.356557813,0.038859931
4,35,125.2984671,430.2451228,0.114285714,0.35799562,0.038625979
4,35,125.7942394,442.8165219,0.114285714,0.359412113,0.039754597
4,35,126.2902781,443.8877378,0.114285714,0.360829366,0.039850768
4,35,126.7917595,444.0872514,0.114285714,0.36226217,0.039868679
4,35,127.2873541,457.2067814,0.114285714,0.363678155,0.041046507
4,35,127.7853794,454.8902207,0.114285714,0.365101084,0.040838534
4,35,128.2866881,458.8843434,0.114285714,0.366533395,0.041197113
4,35,128.7802723,471.2009138,0.114285714,0.367943635,0.042302854
4,35,129.2809486,466.3726398,0.114285714,0.369374139,0.041869387
4,35,129.7799609,475.3490741,0.114285714,0.370799888,0.042675262
4,35,130.274557,483.4153902,0.114285714,0.37221302,0.043399429
4,35,130.7770121,479.2284049,0.114285714,0.373648606,0.043023535
4,35,131.2730123,492.1846472,0.114285714,0.375065749,0.044186704
4,35,131.7694033,494.2714718,0.114285714,0.376484009,0.044374052
4,35,132.2716734,494.1966759,0.114285714,0.377919067,0.044367337
4,35,132.7667401,508.128215,0.114285714,0.379333543,0.045618064
4,35,133.2650423,504.952224,0.114285714,0.380757264,0.045332934
4,35,133.7663271,511.7157955,0.114285714,0.382189506,0.045940145
4,35,134.2606854,521.7227607,0.114285714,0.383601958,0.046838538
4,35,134.762172,517.1517816,0.114285714,0.385034777,0.04642817
4,35,135.2596439,530.6129248,0.114285714,0.386456125,0.047636667
4,35,135.7557744,532.6784541,0.114285714,0.387873641,0.047822103
4,35,136.2580105,532.7205992,0.114285714,0.389308601,0.047825887
4,35,136.7525156,547.2361767,0.114285714,0.390721473,0.049129047
4,35,137.25196,543.209501,0.114285714,0.392148457,0.048767546
4,35,137.7521931,552.0392365,0.114285714,0.393577695,0.04956025
4,35,138.2474624,559.8261021,0.114285714,0.39499275,0.050259329
4,35,138.7490863,556.9822444,0.114285714,0.396425961,0.050004017
4,35,139.2457335,571.6703199,0.114285714,0.397844953,0.051322664
4,35,139.7430874,569.2652992,0.114285714,0.399265964,0.051106749
4,35,140.2442428,575.8713197,0.114285714,0.400697836,0.051699815
4,35,140.7391471,586.9566429,0.114285714,0.402111849,0.052695019
4,35,141.2405859,582.0135525,0.114285714,0.403544531,0.052251245
4,35,141.7379919,596.4736824,0.114285714,0.404965691,0.053549427
4,35,142.2353466,596.6572543,0.114285714,0.406386705,0.053565908
4,35,142.7361713,601.4687045,0.114285714,0.407817632,0.053997864
4,35,143.2316399,613.3475144,0.114285714,0.409233257,0.055064304
4,35,143.7321503,608.4728684,0.114285714,0.410663286,0.054626674
4,35,144.2307519,622.2958722,0.114285714,0.412087863,0.055867658
4,35,144.7272816,623.7814394,0.114285714,0.413506519,0.056001027
4,35,145.2285456,626.890466,0.114285714,0.414938702,0.056280145
4,35,145.7242558,639.6138768,0.114285714,0.416355016,0.057422411
4,35,146.224283,635.5123816,0.114285714,0.417783666,0.057054192
